<?xml version='1.0' encoding='UTF-8'?><profile><name>Java-Custom</name><language>java</language><rules><rule><repositoryKey>findbugs</repositoryKey><key>AM_CREATES_EMPTY_JAR_FILE_ENTRY</key><type>CODE_SMELL</type><priority>MAJOR</priority><parameters/></rule><rule><repositoryKey>findbugs</repositoryKey><key>AM_CREATES_EMPTY_ZIP_FILE_ENTRY</key><type>CODE_SMELL</type><priority>MAJOR</priority><parameters/></rule><rule><repositoryKey>findbugs</repositoryKey><key>AT_OPERATION_SEQUENCE_ON_CONCURRENT_ABSTRACTION</key><type>BUG</type><priority>MAJOR</priority><parameters/></rule><rule><repositoryKey>findbugs</repositoryKey><key>BAC_BAD_APPLET_CONSTRUCTOR</key><type>BUG</type><priority>MAJOR</priority><parameters/></rule><rule><repositoryKey>findbugs</repositoryKey><key>BC_BAD_CAST_TO_ABSTRACT_COLLECTION</key><type>CODE_SMELL</type><priority>INFO</priority><parameters/></rule><rule><repositoryKey>findbugs</repositoryKey><key>BC_BAD_CAST_TO_CONCRETE_COLLECTION</key><type>CODE_SMELL</type><priority>INFO</priority><parameters/></rule><rule><repositoryKey>findbugs</repositoryKey><key>BC_EQUALS_METHOD_SHOULD_WORK_FOR_ALL_OBJECTS</key><type>CODE_SMELL</type><priority>MAJOR</priority><parameters/></rule><rule><repositoryKey>findbugs</repositoryKey><key>BC_IMPOSSIBLE_CAST</key><type>BUG</type><priority>CRITICAL</priority><parameters/></rule><rule><repositoryKey>findbugs</repositoryKey><key>BC_IMPOSSIBLE_CAST_PRIMITIVE_ARRAY</key><type>BUG</type><priority>CRITICAL</priority><parameters/></rule><rule><repositoryKey>findbugs</repositoryKey><key>BC_IMPOSSIBLE_DOWNCAST</key><type>BUG</type><priority>CRITICAL</priority><parameters/></rule><rule><repositoryKey>findbugs</repositoryKey><key>BC_IMPOSSIBLE_DOWNCAST_OF_TOARRAY</key><type>BUG</type><priority>CRITICAL</priority><parameters/></rule><rule><repositoryKey>findbugs</repositoryKey><key>BC_IMPOSSIBLE_INSTANCEOF</key><type>BUG</type><priority>CRITICAL</priority><parameters/></rule><rule><repositoryKey>findbugs</repositoryKey><key>BC_NULL_INSTANCEOF</key><type>BUG</type><priority>MAJOR</priority><parameters/></rule><rule><repositoryKey>findbugs</repositoryKey><key>BC_UNCONFIRMED_CAST</key><type>CODE_SMELL</type><priority>INFO</priority><parameters/></rule><rule><repositoryKey>findbugs</repositoryKey><key>BC_UNCONFIRMED_CAST_OF_RETURN_VALUE</key><type>CODE_SMELL</type><priority>INFO</priority><parameters/></rule><rule><repositoryKey>findbugs</repositoryKey><key>BC_VACUOUS_INSTANCEOF</key><type>CODE_SMELL</type><priority>INFO</priority><parameters/></rule><rule><repositoryKey>findbugs</repositoryKey><key>BIT_ADD_OF_SIGNED_BYTE</key><type>BUG</type><priority>MAJOR</priority><parameters/></rule><rule><repositoryKey>findbugs</repositoryKey><key>BIT_AND</key><type>BUG</type><priority>MAJOR</priority><parameters/></rule><rule><repositoryKey>findbugs</repositoryKey><key>BIT_AND_ZZ</key><type>BUG</type><priority>MAJOR</priority><parameters/></rule><rule><repositoryKey>findbugs</repositoryKey><key>BIT_IOR</key><type>BUG</type><priority>MAJOR</priority><parameters/></rule><rule><repositoryKey>findbugs</repositoryKey><key>BIT_IOR_OF_SIGNED_BYTE</key><type>BUG</type><priority>MAJOR</priority><parameters/></rule><rule><repositoryKey>findbugs</repositoryKey><key>BIT_SIGNED_CHECK</key><type>CODE_SMELL</type><priority>MAJOR</priority><parameters/></rule><rule><repositoryKey>findbugs</repositoryKey><key>BIT_SIGNED_CHECK_HIGH_BIT</key><type>BUG</type><priority>MAJOR</priority><parameters/></rule><rule><repositoryKey>findbugs</repositoryKey><key>BOA_BADLY_OVERRIDDEN_ADAPTER</key><type>BUG</type><priority>MAJOR</priority><parameters/></rule><rule><repositoryKey>findbugs</repositoryKey><key>BRSA_BAD_RESULTSET_ACCESS</key><type>BUG</type><priority>MAJOR</priority><parameters/></rule><rule><repositoryKey>findbugs</repositoryKey><key>BSHIFT_WRONG_ADD_PRIORITY</key><type>BUG</type><priority>MAJOR</priority><parameters/></rule><rule><repositoryKey>findbugs</repositoryKey><key>BX_BOXING_IMMEDIATELY_UNBOXED</key><type>BUG</type><priority>MAJOR</priority><parameters/></rule><rule><repositoryKey>findbugs</repositoryKey><key>BX_BOXING_IMMEDIATELY_UNBOXED_TO_PERFORM_COERCION</key><type>BUG</type><priority>MAJOR</priority><parameters/></rule><rule><repositoryKey>findbugs</repositoryKey><key>BX_UNBOXED_AND_COERCED_FOR_TERNARY_OPERATOR</key><type>BUG</type><priority>MAJOR</priority><parameters/></rule><rule><repositoryKey>findbugs</repositoryKey><key>BX_UNBOXING_IMMEDIATELY_REBOXED</key><type>BUG</type><priority>MAJOR</priority><parameters/></rule><rule><repositoryKey>findbugs</repositoryKey><key>CAA_COVARIANT_ARRAY_ELEMENT_STORE</key><type>BUG</type><priority>MAJOR</priority><parameters/></rule><rule><repositoryKey>findbugs</repositoryKey><key>CAA_COVARIANT_ARRAY_FIELD</key><type>CODE_SMELL</type><priority>INFO</priority><parameters/></rule><rule><repositoryKey>findbugs</repositoryKey><key>CAA_COVARIANT_ARRAY_LOCAL</key><type>CODE_SMELL</type><priority>INFO</priority><parameters/></rule><rule><repositoryKey>findbugs</repositoryKey><key>CAA_COVARIANT_ARRAY_RETURN</key><type>CODE_SMELL</type><priority>INFO</priority><parameters/></rule><rule><repositoryKey>findbugs</repositoryKey><key>CD_CIRCULAR_DEPENDENCY</key><type>CODE_SMELL</type><priority>INFO</priority><parameters/></rule><rule><repositoryKey>findbugs</repositoryKey><key>CI_CONFUSED_INHERITANCE</key><type>CODE_SMELL</type><priority>INFO</priority><parameters/></rule><rule><repositoryKey>findbugs</repositoryKey><key>CNT_ROUGH_CONSTANT_VALUE</key><type>CODE_SMELL</type><priority>MAJOR</priority><parameters/></rule><rule><repositoryKey>findbugs</repositoryKey><key>CN_IDIOM</key><type>CODE_SMELL</type><priority>MAJOR</priority><parameters/></rule><rule><repositoryKey>findbugs</repositoryKey><key>CN_IDIOM_NO_SUPER_CALL</key><type>CODE_SMELL</type><priority>MAJOR</priority><parameters/></rule><rule><repositoryKey>findbugs</repositoryKey><key>CN_IMPLEMENTS_CLONE_BUT_NOT_CLONEABLE</key><type>CODE_SMELL</type><priority>MAJOR</priority><parameters/></rule><rule><repositoryKey>findbugs</repositoryKey><key>CO_ABSTRACT_SELF</key><type>CODE_SMELL</type><priority>MAJOR</priority><parameters/></rule><rule><repositoryKey>findbugs</repositoryKey><key>CO_COMPARETO_INCORRECT_FLOATING</key><type>CODE_SMELL</type><priority>MAJOR</priority><parameters/></rule><rule><repositoryKey>findbugs</repositoryKey><key>CO_COMPARETO_RESULTS_MIN_VALUE</key><type>CODE_SMELL</type><priority>MAJOR</priority><parameters/></rule><rule><repositoryKey>findbugs</repositoryKey><key>CO_SELF_NO_OBJECT</key><type>CODE_SMELL</type><priority>MAJOR</priority><parameters/></rule><rule><repositoryKey>findbugs</repositoryKey><key>DB_DUPLICATE_BRANCHES</key><type>CODE_SMELL</type><priority>INFO</priority><parameters/></rule><rule><repositoryKey>findbugs</repositoryKey><key>DB_DUPLICATE_SWITCH_CLAUSES</key><type>CODE_SMELL</type><priority>INFO</priority><parameters/></rule><rule><repositoryKey>findbugs</repositoryKey><key>DC_DOUBLECHECK</key><type>BUG</type><priority>MAJOR</priority><parameters/></rule><rule><repositoryKey>findbugs</repositoryKey><key>DC_PARTIALLY_CONSTRUCTED</key><type>BUG</type><priority>MAJOR</priority><parameters/></rule><rule><repositoryKey>findbugs</repositoryKey><key>DE_MIGHT_DROP</key><type>CODE_SMELL</type><priority>MAJOR</priority><parameters/></rule><rule><repositoryKey>findbugs</repositoryKey><key>DE_MIGHT_IGNORE</key><type>CODE_SMELL</type><priority>MAJOR</priority><parameters/></rule><rule><repositoryKey>findbugs</repositoryKey><key>DLS_DEAD_LOCAL_INCREMENT_IN_RETURN</key><type>BUG</type><priority>MAJOR</priority><parameters/></rule><rule><repositoryKey>findbugs</repositoryKey><key>DLS_DEAD_LOCAL_STORE</key><type>CODE_SMELL</type><priority>INFO</priority><parameters/></rule><rule><repositoryKey>findbugs</repositoryKey><key>DLS_DEAD_LOCAL_STORE_IN_RETURN</key><type>CODE_SMELL</type><priority>INFO</priority><parameters/></rule><rule><repositoryKey>findbugs</repositoryKey><key>DLS_DEAD_LOCAL_STORE_OF_NULL</key><type>CODE_SMELL</type><priority>INFO</priority><parameters/></rule><rule><repositoryKey>findbugs</repositoryKey><key>DLS_DEAD_LOCAL_STORE_SHADOWS_FIELD</key><type>CODE_SMELL</type><priority>INFO</priority><parameters/></rule><rule><repositoryKey>findbugs</repositoryKey><key>DLS_DEAD_STORE_OF_CLASS_LITERAL</key><type>BUG</type><priority>MAJOR</priority><parameters/></rule><rule><repositoryKey>findbugs</repositoryKey><key>DLS_OVERWRITTEN_INCREMENT</key><type>BUG</type><priority>MAJOR</priority><parameters/></rule><rule><repositoryKey>findbugs</repositoryKey><key>DL_SYNCHRONIZATION_ON_BOOLEAN</key><type>BUG</type><priority>MAJOR</priority><parameters/></rule><rule><repositoryKey>findbugs</repositoryKey><key>DL_SYNCHRONIZATION_ON_BOXED_PRIMITIVE</key><type>BUG</type><priority>MAJOR</priority><parameters/></rule><rule><repositoryKey>findbugs</repositoryKey><key>DL_SYNCHRONIZATION_ON_SHARED_CONSTANT</key><type>BUG</type><priority>MAJOR</priority><parameters/></rule><rule><repositoryKey>findbugs</repositoryKey><key>DL_SYNCHRONIZATION_ON_UNSHARED_BOXED_PRIMITIVE</key><type>BUG</type><priority>MAJOR</priority><parameters/></rule><rule><repositoryKey>findbugs</repositoryKey><key>DMI_ANNOTATION_IS_NOT_VISIBLE_TO_REFLECTION</key><type>BUG</type><priority>MAJOR</priority><parameters/></rule><rule><repositoryKey>findbugs</repositoryKey><key>DMI_ARGUMENTS_WRONG_ORDER</key><type>BUG</type><priority>MAJOR</priority><parameters/></rule><rule><repositoryKey>findbugs</repositoryKey><key>DMI_BAD_MONTH</key><type>BUG</type><priority>MAJOR</priority><parameters/></rule><rule><repositoryKey>findbugs</repositoryKey><key>DMI_BIGDECIMAL_CONSTRUCTED_FROM_DOUBLE</key><type>BUG</type><priority>MAJOR</priority><parameters/></rule><rule><repositoryKey>findbugs</repositoryKey><key>DMI_BLOCKING_METHODS_ON_URL</key><type>BUG</type><priority>MAJOR</priority><parameters/></rule><rule><repositoryKey>findbugs</repositoryKey><key>DMI_CALLING_NEXT_FROM_HASNEXT</key><type>BUG</type><priority>MAJOR</priority><parameters/></rule><rule><repositoryKey>findbugs</repositoryKey><key>DMI_COLLECTIONS_SHOULD_NOT_CONTAIN_THEMSELVES</key><type>BUG</type><priority>MAJOR</priority><parameters/></rule><rule><repositoryKey>findbugs</repositoryKey><key>DMI_COLLECTION_OF_URLS</key><type>BUG</type><priority>MAJOR</priority><parameters/></rule><rule><repositoryKey>findbugs</repositoryKey><key>DMI_CONSTANT_DB_PASSWORD</key><type>VULNERABILITY</type><priority>MAJOR</priority><parameters/></rule><rule><repositoryKey>findbugs</repositoryKey><key>DMI_DOH</key><type>BUG</type><priority>MAJOR</priority><parameters/></rule><rule><repositoryKey>findbugs</repositoryKey><key>DMI_EMPTY_DB_PASSWORD</key><type>VULNERABILITY</type><priority>MAJOR</priority><parameters/></rule><rule><repositoryKey>findbugs</repositoryKey><key>DMI_ENTRY_SETS_MAY_REUSE_ENTRY_OBJECTS</key><type>CODE_SMELL</type><priority>MAJOR</priority><parameters/></rule><rule><repositoryKey>findbugs</repositoryKey><key>DMI_FUTILE_ATTEMPT_TO_CHANGE_MAXPOOL_SIZE_OF_SCHEDULED_THREAD_POOL_EXECUTOR</key><type>BUG</type><priority>MAJOR</priority><parameters/></rule><rule><repositoryKey>findbugs</repositoryKey><key>DMI_HARDCODED_ABSOLUTE_FILENAME</key><type>CODE_SMELL</type><priority>INFO</priority><parameters/></rule><rule><repositoryKey>findbugs</repositoryKey><key>DMI_INVOKING_HASHCODE_ON_ARRAY</key><type>BUG</type><priority>MAJOR</priority><parameters/></rule><rule><repositoryKey>findbugs</repositoryKey><key>DMI_INVOKING_TOSTRING_ON_ANONYMOUS_ARRAY</key><type>BUG</type><priority>MAJOR</priority><parameters/></rule><rule><repositoryKey>findbugs</repositoryKey><key>DMI_INVOKING_TOSTRING_ON_ARRAY</key><type>BUG</type><priority>MAJOR</priority><parameters/></rule><rule><repositoryKey>findbugs</repositoryKey><key>DMI_LONG_BITS_TO_DOUBLE_INVOKED_ON_INT</key><type>BUG</type><priority>MAJOR</priority><parameters/></rule><rule><repositoryKey>findbugs</repositoryKey><key>DMI_NONSERIALIZABLE_OBJECT_WRITTEN</key><type>CODE_SMELL</type><priority>INFO</priority><parameters/></rule><rule><repositoryKey>findbugs</repositoryKey><key>DMI_RANDOM_USED_ONLY_ONCE</key><type>CODE_SMELL</type><priority>MAJOR</priority><parameters/></rule><rule><repositoryKey>findbugs</repositoryKey><key>DMI_SCHEDULED_THREAD_POOL_EXECUTOR_WITH_ZERO_CORE_THREADS</key><type>BUG</type><priority>MAJOR</priority><parameters/></rule><rule><repositoryKey>findbugs</repositoryKey><key>DMI_THREAD_PASSED_WHERE_RUNNABLE_EXPECTED</key><type>CODE_SMELL</type><priority>INFO</priority><parameters/></rule><rule><repositoryKey>findbugs</repositoryKey><key>DMI_UNSUPPORTED_METHOD</key><type>CODE_SMELL</type><priority>INFO</priority><parameters/></rule><rule><repositoryKey>findbugs</repositoryKey><key>DMI_USELESS_SUBSTRING</key><type>CODE_SMELL</type><priority>INFO</priority><parameters/></rule><rule><repositoryKey>findbugs</repositoryKey><key>DMI_USING_REMOVEALL_TO_CLEAR_COLLECTION</key><type>CODE_SMELL</type><priority>MAJOR</priority><parameters/></rule><rule><repositoryKey>findbugs</repositoryKey><key>DMI_VACUOUS_CALL_TO_EASYMOCK_METHOD</key><type>BUG</type><priority>MAJOR</priority><parameters/></rule><rule><repositoryKey>findbugs</repositoryKey><key>DMI_VACUOUS_SELF_COLLECTION_CALL</key><type>BUG</type><priority>MAJOR</priority><parameters/></rule><rule><repositoryKey>findbugs</repositoryKey><key>DM_BOOLEAN_CTOR</key><type>BUG</type><priority>MAJOR</priority><parameters/></rule><rule><repositoryKey>findbugs</repositoryKey><key>DM_BOXED_PRIMITIVE_FOR_COMPARE</key><type>BUG</type><priority>MAJOR</priority><parameters/></rule><rule><repositoryKey>findbugs</repositoryKey><key>DM_BOXED_PRIMITIVE_FOR_PARSING</key><type>BUG</type><priority>MAJOR</priority><parameters/></rule><rule><repositoryKey>findbugs</repositoryKey><key>DM_BOXED_PRIMITIVE_TOSTRING</key><type>BUG</type><priority>MAJOR</priority><parameters/></rule><rule><repositoryKey>findbugs</repositoryKey><key>DM_CONVERT_CASE</key><type>CODE_SMELL</type><priority>INFO</priority><parameters/></rule><rule><repositoryKey>findbugs</repositoryKey><key>DM_DEFAULT_ENCODING</key><type>CODE_SMELL</type><priority>INFO</priority><parameters/></rule><rule><repositoryKey>findbugs</repositoryKey><key>DM_EXIT</key><type>CODE_SMELL</type><priority>MAJOR</priority><parameters/></rule><rule><repositoryKey>findbugs</repositoryKey><key>DM_FP_NUMBER_CTOR</key><type>BUG</type><priority>MAJOR</priority><parameters/></rule><rule><repositoryKey>findbugs</repositoryKey><key>DM_GC</key><type>BUG</type><priority>MAJOR</priority><parameters/></rule><rule><repositoryKey>findbugs</repositoryKey><key>DM_INVALID_MIN_MAX</key><type>BUG</type><priority>MAJOR</priority><parameters/></rule><rule><repositoryKey>findbugs</repositoryKey><key>DM_MONITOR_WAIT_ON_CONDITION</key><type>BUG</type><priority>MAJOR</priority><parameters/></rule><rule><repositoryKey>findbugs</repositoryKey><key>DM_NEW_FOR_GETCLASS</key><type>BUG</type><priority>MAJOR</priority><parameters/></rule><rule><repositoryKey>findbugs</repositoryKey><key>DM_NEXTINT_VIA_NEXTDOUBLE</key><type>BUG</type><priority>MAJOR</priority><parameters/></rule><rule><repositoryKey>findbugs</repositoryKey><key>DM_NUMBER_CTOR</key><type>BUG</type><priority>MAJOR</priority><parameters/></rule><rule><repositoryKey>findbugs</repositoryKey><key>DM_RUN_FINALIZERS_ON_EXIT</key><type>CODE_SMELL</type><priority>MAJOR</priority><parameters/></rule><rule><repositoryKey>findbugs</repositoryKey><key>DM_STRING_CTOR</key><type>BUG</type><priority>MAJOR</priority><parameters/></rule><rule><repositoryKey>findbugs</repositoryKey><key>DM_STRING_TOSTRING</key><type>BUG</type><priority>MAJOR</priority><parameters/></rule><rule><repositoryKey>findbugs</repositoryKey><key>DM_STRING_VOID_CTOR</key><type>BUG</type><priority>MAJOR</priority><parameters/></rule><rule><repositoryKey>findbugs</repositoryKey><key>DM_USELESS_THREAD</key><type>BUG</type><priority>MAJOR</priority><parameters/></rule><rule><repositoryKey>findbugs</repositoryKey><key>DP_CREATE_CLASSLOADER_INSIDE_DO_PRIVILEGED</key><type>CODE_SMELL</type><priority>INFO</priority><parameters/></rule><rule><repositoryKey>findbugs</repositoryKey><key>DP_DO_INSIDE_DO_PRIVILEDGED</key><type>CODE_SMELL</type><priority>INFO</priority><parameters/></rule><rule><repositoryKey>findbugs</repositoryKey><key>DP_DO_INSIDE_DO_PRIVILEGED</key><type>CODE_SMELL</type><priority>INFO</priority><parameters/></rule><rule><repositoryKey>findbugs</repositoryKey><key>EC_ARRAY_AND_NONARRAY</key><type>BUG</type><priority>MAJOR</priority><parameters/></rule><rule><repositoryKey>findbugs</repositoryKey><key>EC_BAD_ARRAY_COMPARE</key><type>BUG</type><priority>MAJOR</priority><parameters/></rule><rule><repositoryKey>findbugs</repositoryKey><key>EC_INCOMPATIBLE_ARRAY_COMPARE</key><type>BUG</type><priority>MAJOR</priority><parameters/></rule><rule><repositoryKey>findbugs</repositoryKey><key>EC_NULL_ARG</key><type>BUG</type><priority>MAJOR</priority><parameters/></rule><rule><repositoryKey>findbugs</repositoryKey><key>EC_UNRELATED_CLASS_AND_INTERFACE</key><type>BUG</type><priority>MAJOR</priority><parameters/></rule><rule><repositoryKey>findbugs</repositoryKey><key>EC_UNRELATED_INTERFACES</key><type>BUG</type><priority>MAJOR</priority><parameters/></rule><rule><repositoryKey>findbugs</repositoryKey><key>EC_UNRELATED_TYPES</key><type>BUG</type><priority>MAJOR</priority><parameters/></rule><rule><repositoryKey>findbugs</repositoryKey><key>EC_UNRELATED_TYPES_USING_POINTER_EQUALITY</key><type>BUG</type><priority>MAJOR</priority><parameters/></rule><rule><repositoryKey>findbugs</repositoryKey><key>EI_EXPOSE_REP</key><type>CODE_SMELL</type><priority>INFO</priority><parameters/></rule><rule><repositoryKey>findbugs</repositoryKey><key>EI_EXPOSE_REP2</key><type>CODE_SMELL</type><priority>INFO</priority><parameters/></rule><rule><repositoryKey>findbugs</repositoryKey><key>EI_EXPOSE_STATIC_REP2</key><type>CODE_SMELL</type><priority>INFO</priority><parameters/></rule><rule><repositoryKey>findbugs</repositoryKey><key>EQ_ABSTRACT_SELF</key><type>CODE_SMELL</type><priority>MAJOR</priority><parameters/></rule><rule><repositoryKey>findbugs</repositoryKey><key>EQ_ALWAYS_FALSE</key><type>BUG</type><priority>MAJOR</priority><parameters/></rule><rule><repositoryKey>findbugs</repositoryKey><key>EQ_ALWAYS_TRUE</key><type>BUG</type><priority>MAJOR</priority><parameters/></rule><rule><repositoryKey>findbugs</repositoryKey><key>EQ_CHECK_FOR_OPERAND_NOT_COMPATIBLE_WITH_THIS</key><type>CODE_SMELL</type><priority>MAJOR</priority><parameters/></rule><rule><repositoryKey>findbugs</repositoryKey><key>EQ_COMPARETO_USE_OBJECT_EQUALS</key><type>CODE_SMELL</type><priority>MAJOR</priority><parameters/></rule><rule><repositoryKey>findbugs</repositoryKey><key>EQ_COMPARING_CLASS_NAMES</key><type>BUG</type><priority>MAJOR</priority><parameters/></rule><rule><repositoryKey>findbugs</repositoryKey><key>EQ_DOESNT_OVERRIDE_EQUALS</key><type>CODE_SMELL</type><priority>INFO</priority><parameters/></rule><rule><repositoryKey>findbugs</repositoryKey><key>EQ_DONT_DEFINE_EQUALS_FOR_ENUM</key><type>BUG</type><priority>MAJOR</priority><parameters/></rule><rule><repositoryKey>findbugs</repositoryKey><key>EQ_GETCLASS_AND_CLASS_CONSTANT</key><type>CODE_SMELL</type><priority>MAJOR</priority><parameters/></rule><rule><repositoryKey>findbugs</repositoryKey><key>EQ_OTHER_NO_OBJECT</key><type>BUG</type><priority>MAJOR</priority><parameters/></rule><rule><repositoryKey>findbugs</repositoryKey><key>EQ_OTHER_USE_OBJECT</key><type>BUG</type><priority>MAJOR</priority><parameters/></rule><rule><repositoryKey>findbugs</repositoryKey><key>EQ_OVERRIDING_EQUALS_NOT_SYMMETRIC</key><type>BUG</type><priority>MAJOR</priority><parameters/></rule><rule><repositoryKey>findbugs</repositoryKey><key>EQ_SELF_NO_OBJECT</key><type>CODE_SMELL</type><priority>MAJOR</priority><parameters/></rule><rule><repositoryKey>findbugs</repositoryKey><key>EQ_SELF_USE_OBJECT</key><type>BUG</type><priority>MAJOR</priority><parameters/></rule><rule><repositoryKey>findbugs</repositoryKey><key>EQ_UNUSUAL</key><type>CODE_SMELL</type><priority>INFO</priority><parameters/></rule><rule><repositoryKey>findbugs</repositoryKey><key>ES_COMPARING_PARAMETER_STRING_WITH_EQ</key><type>CODE_SMELL</type><priority>MAJOR</priority><parameters/></rule><rule><repositoryKey>findbugs</repositoryKey><key>ES_COMPARING_STRINGS_WITH_EQ</key><type>CODE_SMELL</type><priority>MAJOR</priority><parameters/></rule><rule><repositoryKey>findbugs</repositoryKey><key>ESync_EMPTY_SYNC</key><type>BUG</type><priority>MAJOR</priority><parameters/></rule><rule><repositoryKey>findbugs</repositoryKey><key>FB_MISSING_EXPECTED_WARNING</key><type>BUG</type><priority>MAJOR</priority><parameters/></rule><rule><repositoryKey>findbugs</repositoryKey><key>FB_UNEXPECTED_WARNING</key><type>BUG</type><priority>MAJOR</priority><parameters/></rule><rule><repositoryKey>findbugs</repositoryKey><key>FE_FLOATING_POINT_EQUALITY</key><type>CODE_SMELL</type><priority>INFO</priority><parameters/></rule><rule><repositoryKey>findbugs</repositoryKey><key>FE_TEST_IF_EQUAL_TO_NOT_A_NUMBER</key><type>BUG</type><priority>MAJOR</priority><parameters/></rule><rule><repositoryKey>findbugs</repositoryKey><key>FI_EMPTY</key><type>CODE_SMELL</type><priority>MAJOR</priority><parameters/></rule><rule><repositoryKey>findbugs</repositoryKey><key>FI_EXPLICIT_INVOCATION</key><type>CODE_SMELL</type><priority>MAJOR</priority><parameters/></rule><rule><repositoryKey>findbugs</repositoryKey><key>FI_FINALIZER_NULLS_FIELDS</key><type>CODE_SMELL</type><priority>MAJOR</priority><parameters/></rule><rule><repositoryKey>findbugs</repositoryKey><key>FI_FINALIZER_ONLY_NULLS_FIELDS</key><type>CODE_SMELL</type><priority>MAJOR</priority><parameters/></rule><rule><repositoryKey>findbugs</repositoryKey><key>FI_MISSING_SUPER_CALL</key><type>CODE_SMELL</type><priority>MAJOR</priority><parameters/></rule><rule><repositoryKey>findbugs</repositoryKey><key>FI_NULLIFY_SUPER</key><type>CODE_SMELL</type><priority>MAJOR</priority><parameters/></rule><rule><repositoryKey>findbugs</repositoryKey><key>FI_PUBLIC_SHOULD_BE_PROTECTED</key><type>CODE_SMELL</type><priority>INFO</priority><parameters/></rule><rule><repositoryKey>findbugs</repositoryKey><key>FI_USELESS</key><type>CODE_SMELL</type><priority>MAJOR</priority><parameters/></rule><rule><repositoryKey>findbugs</repositoryKey><key>FL_MATH_USING_FLOAT_PRECISION</key><type>BUG</type><priority>MAJOR</priority><parameters/></rule><rule><repositoryKey>findbugs</repositoryKey><key>GC_UNCHECKED_TYPE_IN_GENERIC_CALL</key><type>CODE_SMELL</type><priority>MAJOR</priority><parameters/></rule><rule><repositoryKey>findbugs</repositoryKey><key>GC_UNRELATED_TYPES</key><type>BUG</type><priority>MAJOR</priority><parameters/></rule><rule><repositoryKey>findbugs</repositoryKey><key>HE_EQUALS_NO_HASHCODE</key><type>CODE_SMELL</type><priority>MAJOR</priority><parameters/></rule><rule><repositoryKey>findbugs</repositoryKey><key>HE_EQUALS_USE_HASHCODE</key><type>CODE_SMELL</type><priority>MAJOR</priority><parameters/></rule><rule><repositoryKey>findbugs</repositoryKey><key>HE_HASHCODE_NO_EQUALS</key><type>CODE_SMELL</type><priority>MAJOR</priority><parameters/></rule><rule><repositoryKey>findbugs</repositoryKey><key>HE_HASHCODE_USE_OBJECT_EQUALS</key><type>CODE_SMELL</type><priority>MAJOR</priority><parameters/></rule><rule><repositoryKey>findbugs</repositoryKey><key>HE_INHERITS_EQUALS_USE_HASHCODE</key><type>CODE_SMELL</type><priority>MAJOR</priority><parameters/></rule><rule><repositoryKey>findbugs</repositoryKey><key>HE_SIGNATURE_DECLARES_HASHING_OF_UNHASHABLE_CLASS</key><type>BUG</type><priority>MAJOR</priority><parameters/></rule><rule><repositoryKey>findbugs</repositoryKey><key>HE_USE_OF_UNHASHABLE_CLASS</key><type>BUG</type><priority>MAJOR</priority><parameters/></rule><rule><repositoryKey>findbugs</repositoryKey><key>HRS_REQUEST_PARAMETER_TO_COOKIE</key><type>VULNERABILITY</type><priority>MAJOR</priority><parameters/></rule><rule><repositoryKey>findbugs</repositoryKey><key>HRS_REQUEST_PARAMETER_TO_HTTP_HEADER</key><type>VULNERABILITY</type><priority>MAJOR</priority><parameters/></rule><rule><repositoryKey>findbugs</repositoryKey><key>HSC_HUGE_SHARED_STRING_CONSTANT</key><type>BUG</type><priority>MAJOR</priority><parameters/></rule><rule><repositoryKey>findbugs</repositoryKey><key>IA_AMBIGUOUS_INVOCATION_OF_INHERITED_OR_OUTER_METHOD</key><type>CODE_SMELL</type><priority>INFO</priority><parameters/></rule><rule><repositoryKey>findbugs</repositoryKey><key>ICAST_BAD_SHIFT_AMOUNT</key><type>BUG</type><priority>MAJOR</priority><parameters/></rule><rule><repositoryKey>findbugs</repositoryKey><key>ICAST_IDIV_CAST_TO_DOUBLE</key><type>CODE_SMELL</type><priority>INFO</priority><parameters/></rule><rule><repositoryKey>findbugs</repositoryKey><key>ICAST_INTEGER_MULTIPLY_CAST_TO_LONG</key><type>CODE_SMELL</type><priority>INFO</priority><parameters/></rule><rule><repositoryKey>findbugs</repositoryKey><key>ICAST_INT_2_LONG_AS_INSTANT</key><type>BUG</type><priority>MAJOR</priority><parameters/></rule><rule><repositoryKey>findbugs</repositoryKey><key>ICAST_INT_CAST_TO_DOUBLE_PASSED_TO_CEIL</key><type>BUG</type><priority>MAJOR</priority><parameters/></rule><rule><repositoryKey>findbugs</repositoryKey><key>ICAST_INT_CAST_TO_FLOAT_PASSED_TO_ROUND</key><type>BUG</type><priority>MAJOR</priority><parameters/></rule><rule><repositoryKey>findbugs</repositoryKey><key>ICAST_QUESTIONABLE_UNSIGNED_RIGHT_SHIFT</key><type>CODE_SMELL</type><priority>INFO</priority><parameters/></rule><rule><repositoryKey>findbugs</repositoryKey><key>IC_INIT_CIRCULARITY</key><type>CODE_SMELL</type><priority>INFO</priority><parameters/></rule><rule><repositoryKey>findbugs</repositoryKey><key>IC_SUPERCLASS_USES_SUBCLASS_DURING_INITIALIZATION</key><type>CODE_SMELL</type><priority>MAJOR</priority><parameters/></rule><rule><repositoryKey>findbugs</repositoryKey><key>IIL_ELEMENTS_GET_LENGTH_IN_LOOP</key><type>BUG</type><priority>MAJOR</priority><parameters/></rule><rule><repositoryKey>findbugs</repositoryKey><key>IIL_PATTERN_COMPILE_IN_LOOP</key><type>BUG</type><priority>MAJOR</priority><parameters/></rule><rule><repositoryKey>findbugs</repositoryKey><key>IIL_PATTERN_COMPILE_IN_LOOP_INDIRECT</key><type>BUG</type><priority>MAJOR</priority><parameters/></rule><rule><repositoryKey>findbugs</repositoryKey><key>IIL_PREPARE_STATEMENT_IN_LOOP</key><type>BUG</type><priority>MAJOR</priority><parameters/></rule><rule><repositoryKey>findbugs</repositoryKey><key>IIO_INEFFICIENT_INDEX_OF</key><type>BUG</type><priority>MAJOR</priority><parameters/></rule><rule><repositoryKey>findbugs</repositoryKey><key>IIO_INEFFICIENT_LAST_INDEX_OF</key><type>BUG</type><priority>MAJOR</priority><parameters/></rule><rule><repositoryKey>findbugs</repositoryKey><key>IJU_ASSERT_METHOD_INVOKED_FROM_RUN_METHOD</key><type>BUG</type><priority>MAJOR</priority><parameters/></rule><rule><repositoryKey>findbugs</repositoryKey><key>IJU_BAD_SUITE_METHOD</key><type>BUG</type><priority>MAJOR</priority><parameters/></rule><rule><repositoryKey>findbugs</repositoryKey><key>IJU_NO_TESTS</key><type>BUG</type><priority>MAJOR</priority><parameters/></rule><rule><repositoryKey>findbugs</repositoryKey><key>IJU_SETUP_NO_SUPER</key><type>BUG</type><priority>MAJOR</priority><parameters/></rule><rule><repositoryKey>findbugs</repositoryKey><key>IJU_SUITE_NOT_STATIC</key><type>BUG</type><priority>MAJOR</priority><parameters/></rule><rule><repositoryKey>findbugs</repositoryKey><key>IJU_TEARDOWN_NO_SUPER</key><type>BUG</type><priority>MAJOR</priority><parameters/></rule><rule><repositoryKey>findbugs</repositoryKey><key>IL_CONTAINER_ADDED_TO_ITSELF</key><type>BUG</type><priority>MAJOR</priority><parameters/></rule><rule><repositoryKey>findbugs</repositoryKey><key>IL_INFINITE_LOOP</key><type>BUG</type><priority>MAJOR</priority><parameters/></rule><rule><repositoryKey>findbugs</repositoryKey><key>IL_INFINITE_RECURSIVE_LOOP</key><type>BUG</type><priority>MAJOR</priority><parameters/></rule><rule><repositoryKey>findbugs</repositoryKey><key>IMA_INEFFICIENT_MEMBER_ACCESS</key><type>BUG</type><priority>MAJOR</priority><parameters/></rule><rule><repositoryKey>findbugs</repositoryKey><key>IMSE_DONT_CATCH_IMSE</key><type>CODE_SMELL</type><priority>MAJOR</priority><parameters/></rule><rule><repositoryKey>findbugs</repositoryKey><key>IM_AVERAGE_COMPUTATION_COULD_OVERFLOW</key><type>CODE_SMELL</type><priority>INFO</priority><parameters/></rule><rule><repositoryKey>findbugs</repositoryKey><key>IM_BAD_CHECK_FOR_ODD</key><type>CODE_SMELL</type><priority>INFO</priority><parameters/></rule><rule><repositoryKey>findbugs</repositoryKey><key>IM_MULTIPLYING_RESULT_OF_IREM</key><type>BUG</type><priority>MAJOR</priority><parameters/></rule><rule><repositoryKey>findbugs</repositoryKey><key>INT_BAD_COMPARISON_WITH_INT_VALUE</key><type>BUG</type><priority>MAJOR</priority><parameters/></rule><rule><repositoryKey>findbugs</repositoryKey><key>INT_BAD_COMPARISON_WITH_NONNEGATIVE_VALUE</key><type>BUG</type><priority>MAJOR</priority><parameters/></rule><rule><repositoryKey>findbugs</repositoryKey><key>INT_BAD_COMPARISON_WITH_SIGNED_BYTE</key><type>BUG</type><priority>MAJOR</priority><parameters/></rule><rule><repositoryKey>findbugs</repositoryKey><key>INT_BAD_REM_BY_1</key><type>CODE_SMELL</type><priority>INFO</priority><parameters/></rule><rule><repositoryKey>findbugs</repositoryKey><key>INT_VACUOUS_BIT_OPERATION</key><type>CODE_SMELL</type><priority>INFO</priority><parameters/></rule><rule><repositoryKey>findbugs</repositoryKey><key>INT_VACUOUS_COMPARISON</key><type>CODE_SMELL</type><priority>INFO</priority><parameters/></rule><rule><repositoryKey>findbugs</repositoryKey><key>IO_APPENDING_TO_OBJECT_OUTPUT_STREAM</key><type>BUG</type><priority>MAJOR</priority><parameters/></rule><rule><repositoryKey>findbugs</repositoryKey><key>IP_PARAMETER_IS_DEAD_BUT_OVERWRITTEN</key><type>BUG</type><priority>MAJOR</priority><parameters/></rule><rule><repositoryKey>findbugs</repositoryKey><key>IS2_INCONSISTENT_SYNC</key><type>BUG</type><priority>MAJOR</priority><parameters/></rule><rule><repositoryKey>findbugs</repositoryKey><key>ISC_INSTANTIATE_STATIC_CLASS</key><type>CODE_SMELL</type><priority>MAJOR</priority><parameters/></rule><rule><repositoryKey>findbugs</repositoryKey><key>IS_FIELD_NOT_GUARDED</key><type>BUG</type><priority>MAJOR</priority><parameters/></rule><rule><repositoryKey>findbugs</repositoryKey><key>IS_INCONSISTENT_SYNC</key><type>BUG</type><priority>MAJOR</priority><parameters/></rule><rule><repositoryKey>findbugs</repositoryKey><key>ITA_INEFFICIENT_TO_ARRAY</key><type>BUG</type><priority>MAJOR</priority><parameters/></rule><rule><repositoryKey>findbugs</repositoryKey><key>IT_NO_SUCH_ELEMENT</key><type>CODE_SMELL</type><priority>MAJOR</priority><parameters/></rule><rule><repositoryKey>findbugs</repositoryKey><key>J2EE_STORE_OF_NON_SERIALIZABLE_OBJECT_INTO_SESSION</key><type>CODE_SMELL</type><priority>MAJOR</priority><parameters/></rule><rule><repositoryKey>findbugs</repositoryKey><key>JCIP_FIELD_ISNT_FINAL_IN_IMMUTABLE_CLASS</key><type>CODE_SMELL</type><priority>MAJOR</priority><parameters/></rule><rule><repositoryKey>findbugs</repositoryKey><key>JLM_JSR166_LOCK_MONITORENTER</key><type>BUG</type><priority>MAJOR</priority><parameters/></rule><rule><repositoryKey>findbugs</repositoryKey><key>JLM_JSR166_UTILCONCURRENT_MONITORENTER</key><type>BUG</type><priority>MAJOR</priority><parameters/></rule><rule><repositoryKey>findbugs</repositoryKey><key>JML_JSR166_CALLING_WAIT_RATHER_THAN_AWAIT</key><type>BUG</type><priority>MAJOR</priority><parameters/></rule><rule><repositoryKey>findbugs</repositoryKey><key>LG_LOST_LOGGER_DUE_TO_WEAK_REFERENCE</key><type>CODE_SMELL</type><priority>INFO</priority><parameters/></rule><rule><repositoryKey>findbugs</repositoryKey><key>LI_LAZY_INIT_INSTANCE</key><type>BUG</type><priority>MAJOR</priority><parameters/></rule><rule><repositoryKey>findbugs</repositoryKey><key>LI_LAZY_INIT_STATIC</key><type>BUG</type><priority>MAJOR</priority><parameters/></rule><rule><repositoryKey>findbugs</repositoryKey><key>LI_LAZY_INIT_UPDATE_STATIC</key><type>BUG</type><priority>MAJOR</priority><parameters/></rule><rule><repositoryKey>findbugs</repositoryKey><key>ME_ENUM_FIELD_SETTER</key><type>CODE_SMELL</type><priority>MAJOR</priority><parameters/></rule><rule><repositoryKey>findbugs</repositoryKey><key>ME_MUTABLE_ENUM_FIELD</key><type>CODE_SMELL</type><priority>MAJOR</priority><parameters/></rule><rule><repositoryKey>findbugs</repositoryKey><key>MF_CLASS_MASKS_FIELD</key><type>BUG</type><priority>MAJOR</priority><parameters/></rule><rule><repositoryKey>findbugs</repositoryKey><key>MF_METHOD_MASKS_FIELD</key><type>BUG</type><priority>MAJOR</priority><parameters/></rule><rule><repositoryKey>findbugs</repositoryKey><key>ML_SYNC_ON_FIELD_TO_GUARD_CHANGING_THAT_FIELD</key><type>BUG</type><priority>MAJOR</priority><parameters/></rule><rule><repositoryKey>findbugs</repositoryKey><key>ML_SYNC_ON_UPDATED_FIELD</key><type>BUG</type><priority>MAJOR</priority><parameters/></rule><rule><repositoryKey>findbugs</repositoryKey><key>MSF_MUTABLE_SERVLET_FIELD</key><type>BUG</type><priority>MAJOR</priority><parameters/></rule><rule><repositoryKey>findbugs</repositoryKey><key>MS_CANNOT_BE_FINAL</key><type>CODE_SMELL</type><priority>INFO</priority><parameters/></rule><rule><repositoryKey>findbugs</repositoryKey><key>MS_EXPOSE_REP</key><type>CODE_SMELL</type><priority>INFO</priority><parameters/></rule><rule><repositoryKey>findbugs</repositoryKey><key>MS_FINAL_PKGPROTECT</key><type>CODE_SMELL</type><priority>INFO</priority><parameters/></rule><rule><repositoryKey>findbugs</repositoryKey><key>MS_MUTABLE_ARRAY</key><type>CODE_SMELL</type><priority>INFO</priority><parameters/></rule><rule><repositoryKey>findbugs</repositoryKey><key>MS_MUTABLE_COLLECTION</key><type>CODE_SMELL</type><priority>INFO</priority><parameters/></rule><rule><repositoryKey>findbugs</repositoryKey><key>MS_MUTABLE_COLLECTION_PKGPROTECT</key><type>CODE_SMELL</type><priority>INFO</priority><parameters/></rule><rule><repositoryKey>findbugs</repositoryKey><key>MS_MUTABLE_HASHTABLE</key><type>CODE_SMELL</type><priority>INFO</priority><parameters/></rule><rule><repositoryKey>findbugs</repositoryKey><key>MS_OOI_PKGPROTECT</key><type>CODE_SMELL</type><priority>INFO</priority><parameters/></rule><rule><repositoryKey>findbugs</repositoryKey><key>MS_PKGPROTECT</key><type>CODE_SMELL</type><priority>INFO</priority><parameters/></rule><rule><repositoryKey>findbugs</repositoryKey><key>MS_SHOULD_BE_FINAL</key><type>CODE_SMELL</type><priority>INFO</priority><parameters/></rule><rule><repositoryKey>findbugs</repositoryKey><key>MS_SHOULD_BE_REFACTORED_TO_BE_FINAL</key><type>CODE_SMELL</type><priority>INFO</priority><parameters/></rule><rule><repositoryKey>findbugs</repositoryKey><key>MTIA_SUSPECT_SERVLET_INSTANCE_FIELD</key><type>CODE_SMELL</type><priority>INFO</priority><parameters/></rule><rule><repositoryKey>findbugs</repositoryKey><key>MTIA_SUSPECT_STRUTS_INSTANCE_FIELD</key><type>CODE_SMELL</type><priority>INFO</priority><parameters/></rule><rule><repositoryKey>findbugs</repositoryKey><key>MWN_MISMATCHED_NOTIFY</key><type>BUG</type><priority>MAJOR</priority><parameters/></rule><rule><repositoryKey>findbugs</repositoryKey><key>MWN_MISMATCHED_WAIT</key><type>BUG</type><priority>MAJOR</priority><parameters/></rule><rule><repositoryKey>findbugs</repositoryKey><key>NM_BAD_EQUAL</key><type>BUG</type><priority>MAJOR</priority><parameters/></rule><rule><repositoryKey>findbugs</repositoryKey><key>NM_CLASS_NAMING_CONVENTION</key><type>CODE_SMELL</type><priority>MAJOR</priority><parameters/></rule><rule><repositoryKey>findbugs</repositoryKey><key>NM_CLASS_NOT_EXCEPTION</key><type>CODE_SMELL</type><priority>MAJOR</priority><parameters/></rule><rule><repositoryKey>findbugs</repositoryKey><key>NM_CONFUSING</key><type>CODE_SMELL</type><priority>MAJOR</priority><parameters/></rule><rule><repositoryKey>findbugs</repositoryKey><key>NM_FIELD_NAMING_CONVENTION</key><type>CODE_SMELL</type><priority>MAJOR</priority><parameters/></rule><rule><repositoryKey>findbugs</repositoryKey><key>NM_FUTURE_KEYWORD_USED_AS_IDENTIFIER</key><type>CODE_SMELL</type><priority>MAJOR</priority><parameters/></rule><rule><repositoryKey>findbugs</repositoryKey><key>NM_FUTURE_KEYWORD_USED_AS_MEMBER_IDENTIFIER</key><type>CODE_SMELL</type><priority>MAJOR</priority><parameters/></rule><rule><repositoryKey>findbugs</repositoryKey><key>NM_LCASE_HASHCODE</key><type>BUG</type><priority>MAJOR</priority><parameters/></rule><rule><repositoryKey>findbugs</repositoryKey><key>NM_LCASE_TOSTRING</key><type>BUG</type><priority>MAJOR</priority><parameters/></rule><rule><repositoryKey>findbugs</repositoryKey><key>NM_METHOD_CONSTRUCTOR_CONFUSION</key><type>BUG</type><priority>MAJOR</priority><parameters/></rule><rule><repositoryKey>findbugs</repositoryKey><key>NM_METHOD_NAMING_CONVENTION</key><type>CODE_SMELL</type><priority>MAJOR</priority><parameters/></rule><rule><repositoryKey>findbugs</repositoryKey><key>NM_SAME_SIMPLE_NAME_AS_INTERFACE</key><type>CODE_SMELL</type><priority>MAJOR</priority><parameters/></rule><rule><repositoryKey>findbugs</repositoryKey><key>NM_SAME_SIMPLE_NAME_AS_SUPERCLASS</key><type>CODE_SMELL</type><priority>MAJOR</priority><parameters/></rule><rule><repositoryKey>findbugs</repositoryKey><key>NM_VERY_CONFUSING</key><type>BUG</type><priority>MAJOR</priority><parameters/></rule><rule><repositoryKey>findbugs</repositoryKey><key>NM_VERY_CONFUSING_INTENTIONAL</key><type>CODE_SMELL</type><priority>MAJOR</priority><parameters/></rule><rule><repositoryKey>findbugs</repositoryKey><key>NM_WRONG_PACKAGE</key><type>BUG</type><priority>MAJOR</priority><parameters/></rule><rule><repositoryKey>findbugs</repositoryKey><key>NM_WRONG_PACKAGE_INTENTIONAL</key><type>CODE_SMELL</type><priority>MAJOR</priority><parameters/></rule><rule><repositoryKey>findbugs</repositoryKey><key>NN_NAKED_NOTIFY</key><type>BUG</type><priority>MAJOR</priority><parameters/></rule><rule><repositoryKey>findbugs</repositoryKey><key>NO_NOTIFY_NOT_NOTIFYALL</key><type>BUG</type><priority>MAJOR</priority><parameters/></rule><rule><repositoryKey>findbugs</repositoryKey><key>NP_ALWAYS_NULL</key><type>BUG</type><priority>MAJOR</priority><parameters/></rule><rule><repositoryKey>findbugs</repositoryKey><key>NP_ALWAYS_NULL_EXCEPTION</key><type>BUG</type><priority>MAJOR</priority><parameters/></rule><rule><repositoryKey>findbugs</repositoryKey><key>NP_ARGUMENT_MIGHT_BE_NULL</key><type>BUG</type><priority>MAJOR</priority><parameters/></rule><rule><repositoryKey>findbugs</repositoryKey><key>NP_BOOLEAN_RETURN_NULL</key><type>CODE_SMELL</type><priority>MAJOR</priority><parameters/></rule><rule><repositoryKey>findbugs</repositoryKey><key>NP_CLONE_COULD_RETURN_NULL</key><type>CODE_SMELL</type><priority>MAJOR</priority><parameters/></rule><rule><repositoryKey>findbugs</repositoryKey><key>NP_CLOSING_NULL</key><type>BUG</type><priority>MAJOR</priority><parameters/></rule><rule><repositoryKey>findbugs</repositoryKey><key>NP_DEREFERENCE_OF_READLINE_VALUE</key><type>CODE_SMELL</type><priority>INFO</priority><parameters/></rule><rule><repositoryKey>findbugs</repositoryKey><key>NP_EQUALS_SHOULD_HANDLE_NULL_ARGUMENT</key><type>CODE_SMELL</type><priority>MAJOR</priority><parameters/></rule><rule><repositoryKey>findbugs</repositoryKey><key>NP_GUARANTEED_DEREF</key><type>BUG</type><priority>MAJOR</priority><parameters/></rule><rule><repositoryKey>findbugs</repositoryKey><key>NP_GUARANTEED_DEREF_ON_EXCEPTION_PATH</key><type>BUG</type><priority>MAJOR</priority><parameters/></rule><rule><repositoryKey>findbugs</repositoryKey><key>NP_IMMEDIATE_DEREFERENCE_OF_READLINE</key><type>CODE_SMELL</type><priority>INFO</priority><parameters/></rule><rule><repositoryKey>findbugs</repositoryKey><key>NP_LOAD_OF_KNOWN_NULL_VALUE</key><type>CODE_SMELL</type><priority>INFO</priority><parameters/></rule><rule><repositoryKey>findbugs</repositoryKey><key>NP_METHOD_PARAMETER_RELAXING_ANNOTATION</key><type>CODE_SMELL</type><priority>INFO</priority><parameters/></rule><rule><repositoryKey>findbugs</repositoryKey><key>NP_METHOD_PARAMETER_TIGHTENS_ANNOTATION</key><type>CODE_SMELL</type><priority>INFO</priority><parameters/></rule><rule><repositoryKey>findbugs</repositoryKey><key>NP_METHOD_RETURN_RELAXING_ANNOTATION</key><type>CODE_SMELL</type><priority>INFO</priority><parameters/></rule><rule><repositoryKey>findbugs</repositoryKey><key>NP_NONNULL_FIELD_NOT_INITIALIZED_IN_CONSTRUCTOR</key><type>BUG</type><priority>MAJOR</priority><parameters/></rule><rule><repositoryKey>findbugs</repositoryKey><key>NP_NONNULL_PARAM_VIOLATION</key><type>BUG</type><priority>MAJOR</priority><parameters/></rule><rule><repositoryKey>findbugs</repositoryKey><key>NP_NONNULL_RETURN_VIOLATION</key><type>BUG</type><priority>MAJOR</priority><parameters/></rule><rule><repositoryKey>findbugs</repositoryKey><key>NP_NULL_INSTANCEOF</key><type>BUG</type><priority>MAJOR</priority><parameters/></rule><rule><repositoryKey>findbugs</repositoryKey><key>NP_NULL_ON_SOME_PATH</key><type>BUG</type><priority>MAJOR</priority><parameters/></rule><rule><repositoryKey>findbugs</repositoryKey><key>NP_NULL_ON_SOME_PATH_EXCEPTION</key><type>BUG</type><priority>MAJOR</priority><parameters/></rule><rule><repositoryKey>findbugs</repositoryKey><key>NP_NULL_ON_SOME_PATH_FROM_RETURN_VALUE</key><type>CODE_SMELL</type><priority>INFO</priority><parameters/></rule><rule><repositoryKey>findbugs</repositoryKey><key>NP_NULL_ON_SOME_PATH_MIGHT_BE_INFEASIBLE</key><type>CODE_SMELL</type><priority>INFO</priority><parameters/></rule><rule><repositoryKey>findbugs</repositoryKey><key>NP_NULL_PARAM_DEREF</key><type>BUG</type><priority>MAJOR</priority><parameters/></rule><rule><repositoryKey>findbugs</repositoryKey><key>NP_NULL_PARAM_DEREF_ALL_TARGETS_DANGEROUS</key><type>BUG</type><priority>MAJOR</priority><parameters/></rule><rule><repositoryKey>findbugs</repositoryKey><key>NP_NULL_PARAM_DEREF_NONVIRTUAL</key><type>BUG</type><priority>MAJOR</priority><parameters/></rule><rule><repositoryKey>findbugs</repositoryKey><key>NP_OPTIONAL_RETURN_NULL</key><type>BUG</type><priority>MAJOR</priority><parameters/></rule><rule><repositoryKey>findbugs</repositoryKey><key>NP_PARAMETER_MUST_BE_NONNULL_BUT_MARKED_AS_NULLABLE</key><type>CODE_SMELL</type><priority>INFO</priority><parameters/></rule><rule><repositoryKey>findbugs</repositoryKey><key>NP_STORE_INTO_NONNULL_FIELD</key><type>BUG</type><priority>MAJOR</priority><parameters/></rule><rule><repositoryKey>findbugs</repositoryKey><key>NP_SYNC_AND_NULL_CHECK_FIELD</key><type>BUG</type><priority>MAJOR</priority><parameters/></rule><rule><repositoryKey>findbugs</repositoryKey><key>NP_TOSTRING_COULD_RETURN_NULL</key><type>CODE_SMELL</type><priority>MAJOR</priority><parameters/></rule><rule><repositoryKey>findbugs</repositoryKey><key>NP_UNWRITTEN_FIELD</key><type>BUG</type><priority>MAJOR</priority><parameters/></rule><rule><repositoryKey>findbugs</repositoryKey><key>NP_UNWRITTEN_PUBLIC_OR_PROTECTED_FIELD</key><type>CODE_SMELL</type><priority>INFO</priority><parameters/></rule><rule><repositoryKey>findbugs</repositoryKey><key>NS_DANGEROUS_NON_SHORT_CIRCUIT</key><type>CODE_SMELL</type><priority>INFO</priority><parameters/></rule><rule><repositoryKey>findbugs</repositoryKey><key>NS_NON_SHORT_CIRCUIT</key><type>CODE_SMELL</type><priority>INFO</priority><parameters/></rule><rule><repositoryKey>findbugs</repositoryKey><key>OBL_UNSATISFIED_OBLIGATION</key><type>CODE_SMELL</type><priority>INFO</priority><parameters/></rule><rule><repositoryKey>findbugs</repositoryKey><key>OBL_UNSATISFIED_OBLIGATION_EXCEPTION_EDGE</key><type>CODE_SMELL</type><priority>INFO</priority><parameters/></rule><rule><repositoryKey>findbugs</repositoryKey><key>ODR_OPEN_DATABASE_RESOURCE</key><type>CODE_SMELL</type><priority>MAJOR</priority><parameters/></rule><rule><repositoryKey>findbugs</repositoryKey><key>ODR_OPEN_DATABASE_RESOURCE_EXCEPTION_PATH</key><type>CODE_SMELL</type><priority>MAJOR</priority><parameters/></rule><rule><repositoryKey>findbugs</repositoryKey><key>OS_OPEN_STREAM</key><type>CODE_SMELL</type><priority>MAJOR</priority><parameters/></rule><rule><repositoryKey>findbugs</repositoryKey><key>OS_OPEN_STREAM_EXCEPTION_PATH</key><type>CODE_SMELL</type><priority>MAJOR</priority><parameters/></rule><rule><repositoryKey>findbugs</repositoryKey><key>PS_PUBLIC_SEMAPHORES</key><type>CODE_SMELL</type><priority>INFO</priority><parameters/></rule><rule><repositoryKey>findbugs</repositoryKey><key>PT_ABSOLUTE_PATH_TRAVERSAL</key><type>VULNERABILITY</type><priority>MAJOR</priority><parameters/></rule><rule><repositoryKey>findbugs</repositoryKey><key>PT_RELATIVE_PATH_TRAVERSAL</key><type>VULNERABILITY</type><priority>MAJOR</priority><parameters/></rule><rule><repositoryKey>findbugs</repositoryKey><key>PZLA_PREFER_ZERO_LENGTH_ARRAYS</key><type>CODE_SMELL</type><priority>INFO</priority><parameters/></rule><rule><repositoryKey>findbugs</repositoryKey><key>PZ_DONT_REUSE_ENTRY_OBJECTS_IN_ITERATORS</key><type>CODE_SMELL</type><priority>MAJOR</priority><parameters/></rule><rule><repositoryKey>findbugs</repositoryKey><key>QBA_QUESTIONABLE_BOOLEAN_ASSIGNMENT</key><type>BUG</type><priority>MAJOR</priority><parameters/></rule><rule><repositoryKey>findbugs</repositoryKey><key>QF_QUESTIONABLE_FOR_LOOP</key><type>CODE_SMELL</type><priority>INFO</priority><parameters/></rule><rule><repositoryKey>findbugs</repositoryKey><key>RANGE_ARRAY_INDEX</key><type>BUG</type><priority>CRITICAL</priority><parameters/></rule><rule><repositoryKey>findbugs</repositoryKey><key>RANGE_ARRAY_LENGTH</key><type>BUG</type><priority>CRITICAL</priority><parameters/></rule><rule><repositoryKey>findbugs</repositoryKey><key>RANGE_ARRAY_OFFSET</key><type>BUG</type><priority>CRITICAL</priority><parameters/></rule><rule><repositoryKey>findbugs</repositoryKey><key>RANGE_STRING_INDEX</key><type>BUG</type><priority>CRITICAL</priority><parameters/></rule><rule><repositoryKey>findbugs</repositoryKey><key>RCN_REDUNDANT_CHECKED_NULL_COMPARISON</key><type>CODE_SMELL</type><priority>INFO</priority><parameters/></rule><rule><repositoryKey>findbugs</repositoryKey><key>RCN_REDUNDANT_COMPARISON_OF_NULL_AND_NONNULL_VALUE</key><type>CODE_SMELL</type><priority>INFO</priority><parameters/></rule><rule><repositoryKey>findbugs</repositoryKey><key>RCN_REDUNDANT_COMPARISON_TWO_NULL_VALUES</key><type>CODE_SMELL</type><priority>INFO</priority><parameters/></rule><rule><repositoryKey>findbugs</repositoryKey><key>RCN_REDUNDANT_NULLCHECK_OF_NONNULL_VALUE</key><type>CODE_SMELL</type><priority>INFO</priority><parameters/></rule><rule><repositoryKey>findbugs</repositoryKey><key>RCN_REDUNDANT_NULLCHECK_OF_NULL_VALUE</key><type>CODE_SMELL</type><priority>INFO</priority><parameters/></rule><rule><repositoryKey>findbugs</repositoryKey><key>RCN_REDUNDANT_NULLCHECK_WOULD_HAVE_BEEN_A_NPE</key><type>BUG</type><priority>MAJOR</priority><parameters/></rule><rule><repositoryKey>findbugs</repositoryKey><key>RC_REF_COMPARISON</key><type>BUG</type><priority>MAJOR</priority><parameters/></rule><rule><repositoryKey>findbugs</repositoryKey><key>RC_REF_COMPARISON_BAD_PRACTICE</key><type>CODE_SMELL</type><priority>MAJOR</priority><parameters/></rule><rule><repositoryKey>findbugs</repositoryKey><key>RC_REF_COMPARISON_BAD_PRACTICE_BOOLEAN</key><type>CODE_SMELL</type><priority>MAJOR</priority><parameters/></rule><rule><repositoryKey>findbugs</repositoryKey><key>REC_CATCH_EXCEPTION</key><type>CODE_SMELL</type><priority>INFO</priority><parameters/></rule><rule><repositoryKey>findbugs</repositoryKey><key>RE_BAD_SYNTAX_FOR_REGULAR_EXPRESSION</key><type>BUG</type><priority>MAJOR</priority><parameters/></rule><rule><repositoryKey>findbugs</repositoryKey><key>RE_CANT_USE_FILE_SEPARATOR_AS_REGULAR_EXPRESSION</key><type>BUG</type><priority>MAJOR</priority><parameters/></rule><rule><repositoryKey>findbugs</repositoryKey><key>RE_POSSIBLE_UNINTENDED_PATTERN</key><type>BUG</type><priority>MAJOR</priority><parameters/></rule><rule><repositoryKey>findbugs</repositoryKey><key>RI_REDUNDANT_INTERFACES</key><type>CODE_SMELL</type><priority>INFO</priority><parameters/></rule><rule><repositoryKey>findbugs</repositoryKey><key>RR_NOT_CHECKED</key><type>CODE_SMELL</type><priority>MAJOR</priority><parameters/></rule><rule><repositoryKey>findbugs</repositoryKey><key>RS_READOBJECT_SYNC</key><type>BUG</type><priority>MAJOR</priority><parameters/></rule><rule><repositoryKey>findbugs</repositoryKey><key>RU_INVOKE_RUN</key><type>BUG</type><priority>MAJOR</priority><parameters/></rule><rule><repositoryKey>findbugs</repositoryKey><key>RV_01_TO_INT</key><type>BUG</type><priority>MAJOR</priority><parameters/></rule><rule><repositoryKey>findbugs</repositoryKey><key>RV_ABSOLUTE_VALUE_OF_HASHCODE</key><type>BUG</type><priority>MAJOR</priority><parameters/></rule><rule><repositoryKey>findbugs</repositoryKey><key>RV_ABSOLUTE_VALUE_OF_RANDOM_INT</key><type>BUG</type><priority>MAJOR</priority><parameters/></rule><rule><repositoryKey>findbugs</repositoryKey><key>RV_CHECK_COMPARETO_FOR_SPECIFIC_RETURN_VALUE</key><type>BUG</type><priority>MAJOR</priority><parameters/></rule><rule><repositoryKey>findbugs</repositoryKey><key>RV_CHECK_FOR_POSITIVE_INDEXOF</key><type>CODE_SMELL</type><priority>INFO</priority><parameters/></rule><rule><repositoryKey>findbugs</repositoryKey><key>RV_DONT_JUST_NULL_CHECK_READLINE</key><type>CODE_SMELL</type><priority>INFO</priority><parameters/></rule><rule><repositoryKey>findbugs</repositoryKey><key>RV_EXCEPTION_NOT_THROWN</key><type>BUG</type><priority>MAJOR</priority><parameters/></rule><rule><repositoryKey>findbugs</repositoryKey><key>RV_NEGATING_RESULT_OF_COMPARETO</key><type>CODE_SMELL</type><priority>MAJOR</priority><parameters/></rule><rule><repositoryKey>findbugs</repositoryKey><key>RV_REM_OF_HASHCODE</key><type>CODE_SMELL</type><priority>INFO</priority><parameters/></rule><rule><repositoryKey>findbugs</repositoryKey><key>RV_REM_OF_RANDOM_INT</key><type>CODE_SMELL</type><priority>INFO</priority><parameters/></rule><rule><repositoryKey>findbugs</repositoryKey><key>RV_RETURN_VALUE_IGNORED</key><type>BUG</type><priority>MAJOR</priority><parameters/></rule><rule><repositoryKey>findbugs</repositoryKey><key>RV_RETURN_VALUE_IGNORED_BAD_PRACTICE</key><type>CODE_SMELL</type><priority>MAJOR</priority><parameters/></rule><rule><repositoryKey>findbugs</repositoryKey><key>RV_RETURN_VALUE_IGNORED_INFERRED</key><type>CODE_SMELL</type><priority>INFO</priority><parameters/></rule><rule><repositoryKey>findbugs</repositoryKey><key>RV_RETURN_VALUE_IGNORED_NO_SIDE_EFFECT</key><type>CODE_SMELL</type><priority>INFO</priority><parameters/></rule><rule><repositoryKey>findbugs</repositoryKey><key>RV_RETURN_VALUE_OF_PUTIFABSENT_IGNORED</key><type>BUG</type><priority>MAJOR</priority><parameters/></rule><rule><repositoryKey>findbugs</repositoryKey><key>RpC_REPEATED_CONDITIONAL_TEST</key><type>BUG</type><priority>MAJOR</priority><parameters/></rule><rule><repositoryKey>findbugs</repositoryKey><key>SA_FIELD_DOUBLE_ASSIGNMENT</key><type>CODE_SMELL</type><priority>INFO</priority><parameters/></rule><rule><repositoryKey>findbugs</repositoryKey><key>SA_FIELD_SELF_ASSIGNMENT</key><type>BUG</type><priority>MAJOR</priority><parameters/></rule><rule><repositoryKey>findbugs</repositoryKey><key>SA_FIELD_SELF_COMPARISON</key><type>BUG</type><priority>MAJOR</priority><parameters/></rule><rule><repositoryKey>findbugs</repositoryKey><key>SA_FIELD_SELF_COMPUTATION</key><type>BUG</type><priority>MAJOR</priority><parameters/></rule><rule><repositoryKey>findbugs</repositoryKey><key>SA_LOCAL_DOUBLE_ASSIGNMENT</key><type>CODE_SMELL</type><priority>INFO</priority><parameters/></rule><rule><repositoryKey>findbugs</repositoryKey><key>SA_LOCAL_SELF_ASSIGNMENT</key><type>CODE_SMELL</type><priority>INFO</priority><parameters/></rule><rule><repositoryKey>findbugs</repositoryKey><key>SA_LOCAL_SELF_ASSIGNMENT_INSTEAD_OF_FIELD</key><type>BUG</type><priority>MAJOR</priority><parameters/></rule><rule><repositoryKey>findbugs</repositoryKey><key>SA_LOCAL_SELF_COMPARISON</key><type>BUG</type><priority>MAJOR</priority><parameters/></rule><rule><repositoryKey>findbugs</repositoryKey><key>SA_LOCAL_SELF_COMPUTATION</key><type>BUG</type><priority>MAJOR</priority><parameters/></rule><rule><repositoryKey>findbugs</repositoryKey><key>SBSC_USE_STRINGBUFFER_CONCATENATION</key><type>BUG</type><priority>MAJOR</priority><parameters/></rule><rule><repositoryKey>findbugs</repositoryKey><key>SC_START_IN_CTOR</key><type>BUG</type><priority>MAJOR</priority><parameters/></rule><rule><repositoryKey>findbugs</repositoryKey><key>SE_BAD_FIELD</key><type>CODE_SMELL</type><priority>MAJOR</priority><parameters/></rule><rule><repositoryKey>findbugs</repositoryKey><key>SE_BAD_FIELD_INNER_CLASS</key><type>CODE_SMELL</type><priority>MAJOR</priority><parameters/></rule><rule><repositoryKey>findbugs</repositoryKey><key>SE_BAD_FIELD_STORE</key><type>CODE_SMELL</type><priority>MAJOR</priority><parameters/></rule><rule><repositoryKey>findbugs</repositoryKey><key>SE_COMPARATOR_SHOULD_BE_SERIALIZABLE</key><type>CODE_SMELL</type><priority>MAJOR</priority><parameters/></rule><rule><repositoryKey>findbugs</repositoryKey><key>SE_INNER_CLASS</key><type>CODE_SMELL</type><priority>MAJOR</priority><parameters/></rule><rule><repositoryKey>findbugs</repositoryKey><key>SE_METHOD_MUST_BE_PRIVATE</key><type>BUG</type><priority>MAJOR</priority><parameters/></rule><rule><repositoryKey>findbugs</repositoryKey><key>SE_NONFINAL_SERIALVERSIONID</key><type>CODE_SMELL</type><priority>MAJOR</priority><parameters/></rule><rule><repositoryKey>findbugs</repositoryKey><key>SE_NONLONG_SERIALVERSIONID</key><type>CODE_SMELL</type><priority>MAJOR</priority><parameters/></rule><rule><repositoryKey>findbugs</repositoryKey><key>SE_NONSTATIC_SERIALVERSIONID</key><type>CODE_SMELL</type><priority>MAJOR</priority><parameters/></rule><rule><repositoryKey>findbugs</repositoryKey><key>SE_NO_SERIALVERSIONID</key><type>CODE_SMELL</type><priority>MAJOR</priority><parameters/></rule><rule><repositoryKey>findbugs</repositoryKey><key>SE_NO_SUITABLE_CONSTRUCTOR</key><type>CODE_SMELL</type><priority>MAJOR</priority><parameters/></rule><rule><repositoryKey>findbugs</repositoryKey><key>SE_NO_SUITABLE_CONSTRUCTOR_FOR_EXTERNALIZATION</key><type>CODE_SMELL</type><priority>MAJOR</priority><parameters/></rule><rule><repositoryKey>findbugs</repositoryKey><key>SE_PRIVATE_READ_RESOLVE_NOT_INHERITED</key><type>CODE_SMELL</type><priority>INFO</priority><parameters/></rule><rule><repositoryKey>findbugs</repositoryKey><key>SE_READ_RESOLVE_IS_STATIC</key><type>BUG</type><priority>MAJOR</priority><parameters/></rule><rule><repositoryKey>findbugs</repositoryKey><key>SE_READ_RESOLVE_MUST_RETURN_OBJECT</key><type>CODE_SMELL</type><priority>MAJOR</priority><parameters/></rule><rule><repositoryKey>findbugs</repositoryKey><key>SE_TRANSIENT_FIELD_NOT_RESTORED</key><type>CODE_SMELL</type><priority>MAJOR</priority><parameters/></rule><rule><repositoryKey>findbugs</repositoryKey><key>SE_TRANSIENT_FIELD_OF_NONSERIALIZABLE_CLASS</key><type>CODE_SMELL</type><priority>INFO</priority><parameters/></rule><rule><repositoryKey>findbugs</repositoryKey><key>SF_DEAD_STORE_DUE_TO_SWITCH_FALLTHROUGH</key><type>BUG</type><priority>MAJOR</priority><parameters/></rule><rule><repositoryKey>findbugs</repositoryKey><key>SF_DEAD_STORE_DUE_TO_SWITCH_FALLTHROUGH_TO_THROW</key><type>BUG</type><priority>MAJOR</priority><parameters/></rule><rule><repositoryKey>findbugs</repositoryKey><key>SF_SWITCH_FALLTHROUGH</key><type>CODE_SMELL</type><priority>INFO</priority><parameters/></rule><rule><repositoryKey>findbugs</repositoryKey><key>SF_SWITCH_NO_DEFAULT</key><type>CODE_SMELL</type><priority>INFO</priority><parameters/></rule><rule><repositoryKey>findbugs</repositoryKey><key>SIC_INNER_SHOULD_BE_STATIC</key><type>BUG</type><priority>MAJOR</priority><parameters/></rule><rule><repositoryKey>findbugs</repositoryKey><key>SIC_INNER_SHOULD_BE_STATIC_ANON</key><type>BUG</type><priority>MAJOR</priority><parameters/></rule><rule><repositoryKey>findbugs</repositoryKey><key>SIC_INNER_SHOULD_BE_STATIC_NEEDS_THIS</key><type>BUG</type><priority>MAJOR</priority><parameters/></rule><rule><repositoryKey>findbugs</repositoryKey><key>SIC_THREADLOCAL_DEADLY_EMBRACE</key><type>BUG</type><priority>MAJOR</priority><parameters/></rule><rule><repositoryKey>findbugs</repositoryKey><key>SIO_SUPERFLUOUS_INSTANCEOF</key><type>BUG</type><priority>MAJOR</priority><parameters/></rule><rule><repositoryKey>findbugs</repositoryKey><key>SI_INSTANCE_BEFORE_FINALS_ASSIGNED</key><type>CODE_SMELL</type><priority>MAJOR</priority><parameters/></rule><rule><repositoryKey>findbugs</repositoryKey><key>SKIPPED_CLASS_TOO_BIG</key><type>CODE_SMELL</type><priority>INFO</priority><parameters/></rule><rule><repositoryKey>findbugs</repositoryKey><key>SP_SPIN_ON_FIELD</key><type>BUG</type><priority>MAJOR</priority><parameters/></rule><rule><repositoryKey>findbugs</repositoryKey><key>SQL_BAD_PREPARED_STATEMENT_ACCESS</key><type>BUG</type><priority>MAJOR</priority><parameters/></rule><rule><repositoryKey>findbugs</repositoryKey><key>SQL_BAD_RESULTSET_ACCESS</key><type>BUG</type><priority>MAJOR</priority><parameters/></rule><rule><repositoryKey>findbugs</repositoryKey><key>SQL_NONCONSTANT_STRING_PASSED_TO_EXECUTE</key><type>VULNERABILITY</type><priority>MAJOR</priority><parameters/></rule><rule><repositoryKey>findbugs</repositoryKey><key>SQL_PREPARED_STATEMENT_GENERATED_FROM_NONCONSTANT_STRING</key><type>VULNERABILITY</type><priority>MAJOR</priority><parameters/></rule><rule><repositoryKey>findbugs</repositoryKey><key>SR_NOT_CHECKED</key><type>CODE_SMELL</type><priority>MAJOR</priority><parameters/></rule><rule><repositoryKey>findbugs</repositoryKey><key>SS_SHOULD_BE_STATIC</key><type>BUG</type><priority>MAJOR</priority><parameters/></rule><rule><repositoryKey>findbugs</repositoryKey><key>STCAL_INVOKE_ON_STATIC_CALENDAR_INSTANCE</key><type>BUG</type><priority>MAJOR</priority><parameters/></rule><rule><repositoryKey>findbugs</repositoryKey><key>STCAL_INVOKE_ON_STATIC_DATE_FORMAT_INSTANCE</key><type>BUG</type><priority>MAJOR</priority><parameters/></rule><rule><repositoryKey>findbugs</repositoryKey><key>STCAL_STATIC_CALENDAR_INSTANCE</key><type>BUG</type><priority>MAJOR</priority><parameters/></rule><rule><repositoryKey>findbugs</repositoryKey><key>STCAL_STATIC_SIMPLE_DATE_FORMAT_INSTANCE</key><type>BUG</type><priority>MAJOR</priority><parameters/></rule><rule><repositoryKey>findbugs</repositoryKey><key>STI_INTERRUPTED_ON_CURRENTTHREAD</key><type>BUG</type><priority>MAJOR</priority><parameters/></rule><rule><repositoryKey>findbugs</repositoryKey><key>STI_INTERRUPTED_ON_UNKNOWNTHREAD</key><type>BUG</type><priority>MAJOR</priority><parameters/></rule><rule><repositoryKey>findbugs</repositoryKey><key>ST_WRITE_TO_STATIC_FROM_INSTANCE_METHOD</key><type>CODE_SMELL</type><priority>INFO</priority><parameters/></rule><rule><repositoryKey>findbugs</repositoryKey><key>SWL_SLEEP_WITH_LOCK_HELD</key><type>BUG</type><priority>MAJOR</priority><parameters/></rule><rule><repositoryKey>findbugs</repositoryKey><key>SW_SWING_METHODS_INVOKED_IN_SWING_THREAD</key><type>CODE_SMELL</type><priority>MAJOR</priority><parameters/></rule><rule><repositoryKey>findbugs</repositoryKey><key>TLW_TWO_LOCK_NOTIFY</key><type>BUG</type><priority>MAJOR</priority><parameters/></rule><rule><repositoryKey>findbugs</repositoryKey><key>TLW_TWO_LOCK_WAIT</key><type>BUG</type><priority>MAJOR</priority><parameters/></rule><rule><repositoryKey>findbugs</repositoryKey><key>TQ_ALWAYS_VALUE_USED_WHERE_NEVER_REQUIRED</key><type>BUG</type><priority>MAJOR</priority><parameters/></rule><rule><repositoryKey>findbugs</repositoryKey><key>TQ_COMPARING_VALUES_WITH_INCOMPATIBLE_TYPE_QUALIFIERS</key><type>BUG</type><priority>MAJOR</priority><parameters/></rule><rule><repositoryKey>findbugs</repositoryKey><key>TQ_EXPLICIT_UNKNOWN_SOURCE_VALUE_REACHES_ALWAYS_SINK</key><type>CODE_SMELL</type><priority>INFO</priority><parameters/></rule><rule><repositoryKey>findbugs</repositoryKey><key>TQ_EXPLICIT_UNKNOWN_SOURCE_VALUE_REACHES_NEVER_SINK</key><type>CODE_SMELL</type><priority>INFO</priority><parameters/></rule><rule><repositoryKey>findbugs</repositoryKey><key>TQ_MAYBE_SOURCE_VALUE_REACHES_ALWAYS_SINK</key><type>BUG</type><priority>MAJOR</priority><parameters/></rule><rule><repositoryKey>findbugs</repositoryKey><key>TQ_MAYBE_SOURCE_VALUE_REACHES_NEVER_SINK</key><type>BUG</type><priority>MAJOR</priority><parameters/></rule><rule><repositoryKey>findbugs</repositoryKey><key>TQ_NEVER_VALUE_USED_WHERE_ALWAYS_REQUIRED</key><type>BUG</type><priority>MAJOR</priority><parameters/></rule><rule><repositoryKey>findbugs</repositoryKey><key>TQ_UNKNOWN_VALUE_USED_WHERE_ALWAYS_STRICTLY_REQUIRED</key><type>BUG</type><priority>MAJOR</priority><parameters/></rule><rule><repositoryKey>findbugs</repositoryKey><key>UCF_USELESS_CONTROL_FLOW</key><type>CODE_SMELL</type><priority>INFO</priority><parameters/></rule><rule><repositoryKey>findbugs</repositoryKey><key>UCF_USELESS_CONTROL_FLOW_NEXT_LINE</key><type>CODE_SMELL</type><priority>INFO</priority><parameters/></rule><rule><repositoryKey>findbugs</repositoryKey><key>UC_USELESS_CONDITION</key><type>CODE_SMELL</type><priority>INFO</priority><parameters/></rule><rule><repositoryKey>findbugs</repositoryKey><key>UC_USELESS_CONDITION_TYPE</key><type>CODE_SMELL</type><priority>INFO</priority><parameters/></rule><rule><repositoryKey>findbugs</repositoryKey><key>UC_USELESS_OBJECT</key><type>CODE_SMELL</type><priority>INFO</priority><parameters/></rule><rule><repositoryKey>findbugs</repositoryKey><key>UC_USELESS_OBJECT_STACK</key><type>CODE_SMELL</type><priority>INFO</priority><parameters/></rule><rule><repositoryKey>findbugs</repositoryKey><key>UC_USELESS_VOID_METHOD</key><type>CODE_SMELL</type><priority>INFO</priority><parameters/></rule><rule><repositoryKey>findbugs</repositoryKey><key>UG_SYNC_SET_UNSYNC_GET</key><type>BUG</type><priority>MAJOR</priority><parameters/></rule><rule><repositoryKey>findbugs</repositoryKey><key>UI_INHERITANCE_UNSAFE_GETRESOURCE</key><type>CODE_SMELL</type><priority>MAJOR</priority><parameters/></rule><rule><repositoryKey>findbugs</repositoryKey><key>UL_UNRELEASED_LOCK</key><type>BUG</type><priority>MAJOR</priority><parameters/></rule><rule><repositoryKey>findbugs</repositoryKey><key>UL_UNRELEASED_LOCK_EXCEPTION_PATH</key><type>BUG</type><priority>MAJOR</priority><parameters/></rule><rule><repositoryKey>findbugs</repositoryKey><key>UMAC_UNCALLABLE_METHOD_OF_ANONYMOUS_CLASS</key><type>BUG</type><priority>MAJOR</priority><parameters/></rule><rule><repositoryKey>findbugs</repositoryKey><key>UM_UNNECESSARY_MATH</key><type>BUG</type><priority>MAJOR</priority><parameters/></rule><rule><repositoryKey>findbugs</repositoryKey><key>UPM_UNCALLED_PRIVATE_METHOD</key><type>BUG</type><priority>MAJOR</priority><parameters/></rule><rule><repositoryKey>findbugs</repositoryKey><key>URF_UNREAD_FIELD</key><type>BUG</type><priority>MAJOR</priority><parameters/></rule><rule><repositoryKey>findbugs</repositoryKey><key>URF_UNREAD_PUBLIC_OR_PROTECTED_FIELD</key><type>CODE_SMELL</type><priority>INFO</priority><parameters/></rule><rule><repositoryKey>findbugs</repositoryKey><key>UR_UNINIT_READ</key><type>BUG</type><priority>MAJOR</priority><parameters/></rule><rule><repositoryKey>findbugs</repositoryKey><key>UR_UNINIT_READ_CALLED_FROM_SUPER_CONSTRUCTOR</key><type>BUG</type><priority>MAJOR</priority><parameters/></rule><rule><repositoryKey>findbugs</repositoryKey><key>USM_USELESS_ABSTRACT_METHOD</key><type>CODE_SMELL</type><priority>INFO</priority><parameters/></rule><rule><repositoryKey>findbugs</repositoryKey><key>USM_USELESS_SUBCLASS_METHOD</key><type>CODE_SMELL</type><priority>INFO</priority><parameters/></rule><rule><repositoryKey>findbugs</repositoryKey><key>UUF_UNUSED_FIELD</key><type>BUG</type><priority>MAJOR</priority><parameters/></rule><rule><repositoryKey>findbugs</repositoryKey><key>UUF_UNUSED_PUBLIC_OR_PROTECTED_FIELD</key><type>CODE_SMELL</type><priority>INFO</priority><parameters/></rule><rule><repositoryKey>findbugs</repositoryKey><key>UWF_FIELD_NOT_INITIALIZED_IN_CONSTRUCTOR</key><type>CODE_SMELL</type><priority>INFO</priority><parameters/></rule><rule><repositoryKey>findbugs</repositoryKey><key>UWF_NULL_FIELD</key><type>BUG</type><priority>MAJOR</priority><parameters/></rule><rule><repositoryKey>findbugs</repositoryKey><key>UWF_UNWRITTEN_FIELD</key><type>BUG</type><priority>MAJOR</priority><parameters/></rule><rule><repositoryKey>findbugs</repositoryKey><key>UWF_UNWRITTEN_PUBLIC_OR_PROTECTED_FIELD</key><type>CODE_SMELL</type><priority>INFO</priority><parameters/></rule><rule><repositoryKey>findbugs</repositoryKey><key>UW_UNCOND_WAIT</key><type>BUG</type><priority>MAJOR</priority><parameters/></rule><rule><repositoryKey>findbugs</repositoryKey><key>VA_FORMAT_STRING_USES_NEWLINE</key><type>CODE_SMELL</type><priority>MAJOR</priority><parameters/></rule><rule><repositoryKey>findbugs</repositoryKey><key>VA_PRIMITIVE_ARRAY_PASSED_TO_OBJECT_VARARG</key><type>BUG</type><priority>MAJOR</priority><parameters/></rule><rule><repositoryKey>findbugs</repositoryKey><key>VO_VOLATILE_INCREMENT</key><type>BUG</type><priority>MAJOR</priority><parameters/></rule><rule><repositoryKey>findbugs</repositoryKey><key>VO_VOLATILE_REFERENCE_TO_ARRAY</key><type>BUG</type><priority>MAJOR</priority><parameters/></rule><rule><repositoryKey>findbugs</repositoryKey><key>VR_UNRESOLVABLE_REFERENCE</key><type>BUG</type><priority>MAJOR</priority><parameters/></rule><rule><repositoryKey>findbugs</repositoryKey><key>WA_AWAIT_NOT_IN_LOOP</key><type>BUG</type><priority>MAJOR</priority><parameters/></rule><rule><repositoryKey>findbugs</repositoryKey><key>WA_NOT_IN_LOOP</key><type>BUG</type><priority>MAJOR</priority><parameters/></rule><rule><repositoryKey>findbugs</repositoryKey><key>WL_USING_GETCLASS_RATHER_THAN_CLASS_LITERAL</key><type>BUG</type><priority>MAJOR</priority><parameters/></rule><rule><repositoryKey>findbugs</repositoryKey><key>WMI_WRONG_MAP_ITERATOR</key><type>BUG</type><priority>MAJOR</priority><parameters/></rule><rule><repositoryKey>findbugs</repositoryKey><key>WS_WRITEOBJECT_SYNC</key><type>BUG</type><priority>MAJOR</priority><parameters/></rule><rule><repositoryKey>findbugs</repositoryKey><key>XFB_XML_FACTORY_BYPASS</key><type>CODE_SMELL</type><priority>INFO</priority><parameters/></rule><rule><repositoryKey>findbugs</repositoryKey><key>XSS_REQUEST_PARAMETER_TO_SEND_ERROR</key><type>VULNERABILITY</type><priority>MAJOR</priority><parameters/></rule><rule><repositoryKey>findbugs</repositoryKey><key>XSS_REQUEST_PARAMETER_TO_SERVLET_WRITER</key><type>VULNERABILITY</type><priority>MAJOR</priority><parameters/></rule><rule><repositoryKey>findsecbugs</repositoryKey><key>ANDROID_EXTERNAL_FILE_ACCESS</key><type>VULNERABILITY</type><priority>MAJOR</priority><parameters/></rule><rule><repositoryKey>findsecbugs</repositoryKey><key>ANDROID_WEB_VIEW_JAVASCRIPT</key><type>VULNERABILITY</type><priority>INFO</priority><parameters/></rule><rule><repositoryKey>findsecbugs</repositoryKey><key>ANDROID_WORLD_WRITABLE</key><type>VULNERABILITY</type><priority>MAJOR</priority><parameters/></rule><rule><repositoryKey>findsecbugs</repositoryKey><key>COMMAND_INJECTION</key><type>VULNERABILITY</type><priority>CRITICAL</priority><parameters/></rule><rule><repositoryKey>findsecbugs</repositoryKey><key>CRLF_INJECTION_LOGS</key><type>VULNERABILITY</type><priority>INFO</priority><parameters/></rule><rule><repositoryKey>findsecbugs</repositoryKey><key>ESAPI_ENCRYPTOR</key><type>VULNERABILITY</type><priority>INFO</priority><parameters/></rule><rule><repositoryKey>findsecbugs</repositoryKey><key>FILE_UPLOAD_FILENAME</key><type>VULNERABILITY</type><priority>INFO</priority><parameters/></rule><rule><repositoryKey>findsecbugs</repositoryKey><key>HTTPONLY_COOKIE</key><type>VULNERABILITY</type><priority>MAJOR</priority><parameters/></rule><rule><repositoryKey>findsecbugs</repositoryKey><key>HTTP_RESPONSE_SPLITTING</key><type>VULNERABILITY</type><priority>INFO</priority><parameters/></rule><rule><repositoryKey>findsecbugs</repositoryKey><key>INSECURE_COOKIE</key><type>VULNERABILITY</type><priority>MAJOR</priority><parameters/></rule><rule><repositoryKey>findsecbugs</repositoryKey><key>JAXRS_ENDPOINT</key><type>VULNERABILITY</type><priority>INFO</priority><parameters/></rule><rule><repositoryKey>findsecbugs</repositoryKey><key>JAXWS_ENDPOINT</key><type>VULNERABILITY</type><priority>INFO</priority><parameters/></rule><rule><repositoryKey>findsecbugs</repositoryKey><key>LDAP_INJECTION</key><type>VULNERABILITY</type><priority>CRITICAL</priority><parameters/></rule><rule><repositoryKey>findsecbugs</repositoryKey><key>MALICIOUS_XSLT</key><type>VULNERABILITY</type><priority>CRITICAL</priority><parameters/></rule><rule><repositoryKey>findsecbugs</repositoryKey><key>PATH_TRAVERSAL_IN</key><type>VULNERABILITY</type><priority>MAJOR</priority><parameters/></rule><rule><repositoryKey>findsecbugs</repositoryKey><key>PATH_TRAVERSAL_OUT</key><type>VULNERABILITY</type><priority>MAJOR</priority><parameters/></rule><rule><repositoryKey>findsecbugs</repositoryKey><key>PLAY_UNVALIDATED_REDIRECT</key><type>VULNERABILITY</type><priority>MAJOR</priority><parameters/></rule><rule><repositoryKey>findsecbugs</repositoryKey><key>REDOS</key><type>VULNERABILITY</type><priority>MAJOR</priority><parameters/></rule><rule><repositoryKey>findsecbugs</repositoryKey><key>SERVLET_SESSION_ID</key><type>VULNERABILITY</type><priority>INFO</priority><parameters/></rule><rule><repositoryKey>findsecbugs</repositoryKey><key>SMTP_HEADER_INJECTION</key><type>VULNERABILITY</type><priority>MAJOR</priority><parameters/></rule><rule><repositoryKey>findsecbugs</repositoryKey><key>SPRING_CSRF_PROTECTION_DISABLED</key><type>VULNERABILITY</type><priority>MAJOR</priority><parameters/></rule><rule><repositoryKey>findsecbugs</repositoryKey><key>SPRING_CSRF_UNRESTRICTED_REQUEST_MAPPING</key><type>VULNERABILITY</type><priority>MAJOR</priority><parameters/></rule><rule><repositoryKey>findsecbugs</repositoryKey><key>SPRING_UNVALIDATED_REDIRECT</key><type>VULNERABILITY</type><priority>MAJOR</priority><parameters/></rule><rule><repositoryKey>findsecbugs</repositoryKey><key>SQL_INJECTION</key><type>VULNERABILITY</type><priority>CRITICAL</priority><parameters/></rule><rule><repositoryKey>findsecbugs</repositoryKey><key>SQL_INJECTION_ANDROID</key><type>VULNERABILITY</type><priority>CRITICAL</priority><parameters/></rule><rule><repositoryKey>findsecbugs</repositoryKey><key>SQL_INJECTION_HIBERNATE</key><type>VULNERABILITY</type><priority>CRITICAL</priority><parameters/></rule><rule><repositoryKey>findsecbugs</repositoryKey><key>SQL_INJECTION_JDBC</key><type>VULNERABILITY</type><priority>CRITICAL</priority><parameters/></rule><rule><repositoryKey>findsecbugs</repositoryKey><key>SQL_INJECTION_JDO</key><type>VULNERABILITY</type><priority>CRITICAL</priority><parameters/></rule><rule><repositoryKey>findsecbugs</repositoryKey><key>SQL_INJECTION_JPA</key><type>VULNERABILITY</type><priority>CRITICAL</priority><parameters/></rule><rule><repositoryKey>findsecbugs</repositoryKey><key>SQL_INJECTION_SPRING_JDBC</key><type>VULNERABILITY</type><priority>CRITICAL</priority><parameters/></rule><rule><repositoryKey>findsecbugs</repositoryKey><key>SQL_INJECTION_TURBINE</key><type>VULNERABILITY</type><priority>CRITICAL</priority><parameters/></rule><rule><repositoryKey>findsecbugs</repositoryKey><key>TRUST_BOUNDARY_VIOLATION</key><type>VULNERABILITY</type><priority>MAJOR</priority><parameters/></rule><rule><repositoryKey>findsecbugs</repositoryKey><key>UNENCRYPTED_SERVER_SOCKET</key><type>VULNERABILITY</type><priority>MAJOR</priority><parameters/></rule><rule><repositoryKey>findsecbugs</repositoryKey><key>UNENCRYPTED_SOCKET</key><type>VULNERABILITY</type><priority>MAJOR</priority><parameters/></rule><rule><repositoryKey>findsecbugs</repositoryKey><key>UNVALIDATED_REDIRECT</key><type>VULNERABILITY</type><priority>MAJOR</priority><parameters/></rule><rule><repositoryKey>findsecbugs</repositoryKey><key>URL_REWRITING</key><type>VULNERABILITY</type><priority>MAJOR</priority><parameters/></rule><rule><repositoryKey>findsecbugs</repositoryKey><key>WICKET_XSS1</key><type>VULNERABILITY</type><priority>MAJOR</priority><parameters/></rule><rule><repositoryKey>findsecbugs</repositoryKey><key>XPATH_INJECTION</key><type>VULNERABILITY</type><priority>CRITICAL</priority><parameters/></rule><rule><repositoryKey>findsecbugs</repositoryKey><key>XSS_REQUEST_WRAPPER</key><type>VULNERABILITY</type><priority>MAJOR</priority><parameters/></rule><rule><repositoryKey>findsecbugs</repositoryKey><key>XSS_SERVLET</key><type>VULNERABILITY</type><priority>MAJOR</priority><parameters/></rule><rule><repositoryKey>java</repositoryKey><key>S1148</key><type>VULNERABILITY</type><priority>MINOR</priority><parameters/></rule><rule><repositoryKey>java</repositoryKey><key>S1166</key><type>CODE_SMELL</type><priority>MAJOR</priority><parameters><parameter><key>exceptions</key><value>java.lang.InterruptedException, java.lang.NumberFormatException, java.lang.NoSuchMethodException, java.text.ParseException, java.net.MalformedURLException, java.time.format.DateTimeParseException</value></parameter></parameters></rule><rule><repositoryKey>java</repositoryKey><key>S1313</key><type>SECURITY_HOTSPOT</type><priority>MINOR</priority><parameters/></rule><rule><repositoryKey>java</repositoryKey><key>S1989</key><type>VULNERABILITY</type><priority>MINOR</priority><parameters/></rule><rule><repositoryKey>java</repositoryKey><key>S2068</key><type>SECURITY_HOTSPOT</type><priority>BLOCKER</priority><parameters><parameter><key>credentialWords</key><value>password,passwd,pwd,passphrase,java.naming.security.credentials</value></parameter></parameters></rule><rule><repositoryKey>java</repositoryKey><key>S2077</key><type>SECURITY_HOTSPOT</type><priority>CRITICAL</priority><parameters/></rule><rule><repositoryKey>java</repositoryKey><key>S2089</key><type>VULNERABILITY</type><priority>CRITICAL</priority><parameters/></rule><rule><repositoryKey>java</repositoryKey><key>S2092</key><type>SECURITY_HOTSPOT</type><priority>MINOR</priority><parameters/></rule><rule><repositoryKey>java</repositoryKey><key>S2115</key><type>VULNERABILITY</type><priority>BLOCKER</priority><parameters/></rule><rule><repositoryKey>java</repositoryKey><key>S2119</key><type>BUG</type><priority>CRITICAL</priority><parameters/></rule><rule><repositoryKey>java</repositoryKey><key>S2184</key><type>BUG</type><priority>MINOR</priority><parameters/></rule><rule><repositoryKey>java</repositoryKey><key>S2245</key><type>SECURITY_HOTSPOT</type><priority>CRITICAL</priority><parameters/></rule><rule><repositoryKey>java</repositoryKey><key>S2254</key><type>VULNERABILITY</type><priority>CRITICAL</priority><parameters/></rule><rule><repositoryKey>java</repositoryKey><key>S2255</key><type>SECURITY_HOTSPOT</type><priority>MINOR</priority><parameters/></rule><rule><repositoryKey>java</repositoryKey><key>S2257</key><type>SECURITY_HOTSPOT</type><priority>CRITICAL</priority><parameters/></rule><rule><repositoryKey>java</repositoryKey><key>S2612</key><type>VULNERABILITY</type><priority>MAJOR</priority><parameters/></rule><rule><repositoryKey>java</repositoryKey><key>S2647</key><type>VULNERABILITY</type><priority>CRITICAL</priority><parameters/></rule><rule><repositoryKey>java</repositoryKey><key>S2653</key><type>VULNERABILITY</type><priority>CRITICAL</priority><parameters/></rule><rule><repositoryKey>java</repositoryKey><key>S2658</key><type>VULNERABILITY</type><priority>CRITICAL</priority><parameters/></rule><rule><repositoryKey>java</repositoryKey><key>S2755</key><type>VULNERABILITY</type><priority>BLOCKER</priority><parameters/></rule><rule><repositoryKey>java</repositoryKey><key>S2976</key><type>VULNERABILITY</type><priority>CRITICAL</priority><parameters/></rule><rule><repositoryKey>java</repositoryKey><key>S3011</key><type>SECURITY_HOTSPOT</type><priority>CRITICAL</priority><parameters/></rule><rule><repositoryKey>java</repositoryKey><key>S3281</key><type>VULNERABILITY</type><priority>BLOCKER</priority><parameters/></rule><rule><repositoryKey>java</repositoryKey><key>S3329</key><type>VULNERABILITY</type><priority>CRITICAL</priority><parameters/></rule><rule><repositoryKey>java</repositoryKey><key>S3330</key><type>SECURITY_HOTSPOT</type><priority>MINOR</priority><parameters/></rule><rule><repositoryKey>java</repositoryKey><key>S3331</key><type>SECURITY_HOTSPOT</type><priority>INFO</priority><parameters/></rule><rule><repositoryKey>java</repositoryKey><key>S3355</key><type>VULNERABILITY</type><priority>CRITICAL</priority><parameters/></rule><rule><repositoryKey>java</repositoryKey><key>S3369</key><type>VULNERABILITY</type><priority>BLOCKER</priority><parameters/></rule><rule><repositoryKey>java</repositoryKey><key>S3374</key><type>VULNERABILITY</type><priority>BLOCKER</priority><parameters/></rule><rule><repositoryKey>java</repositoryKey><key>S3749</key><type>VULNERABILITY</type><priority>CRITICAL</priority><parameters/></rule><rule><repositoryKey>java</repositoryKey><key>S3751</key><type>VULNERABILITY</type><priority>BLOCKER</priority><parameters/></rule><rule><repositoryKey>java</repositoryKey><key>S3752</key><type>VULNERABILITY</type><priority>CRITICAL</priority><parameters/></rule><rule><repositoryKey>java</repositoryKey><key>S4347</key><type>VULNERABILITY</type><priority>CRITICAL</priority><parameters/></rule><rule><repositoryKey>java</repositoryKey><key>S4423</key><type>VULNERABILITY</type><priority>MAJOR</priority><parameters/></rule><rule><repositoryKey>java</repositoryKey><key>S4426</key><type>VULNERABILITY</type><priority>BLOCKER</priority><parameters/></rule><rule><repositoryKey>java</repositoryKey><key>S4433</key><type>VULNERABILITY</type><priority>CRITICAL</priority><parameters/></rule><rule><repositoryKey>java</repositoryKey><key>S4434</key><type>VULNERABILITY</type><priority>BLOCKER</priority><parameters/></rule><rule><repositoryKey>java</repositoryKey><key>S4502</key><type>SECURITY_HOTSPOT</type><priority>CRITICAL</priority><parameters/></rule><rule><repositoryKey>java</repositoryKey><key>S4507</key><type>SECURITY_HOTSPOT</type><priority>MINOR</priority><parameters/></rule><rule><repositoryKey>java</repositoryKey><key>S4508</key><type>SECURITY_HOTSPOT</type><priority>CRITICAL</priority><parameters/></rule><rule><repositoryKey>java</repositoryKey><key>S4510</key><type>SECURITY_HOTSPOT</type><priority>CRITICAL</priority><parameters/></rule><rule><repositoryKey>java</repositoryKey><key>S4512</key><type>SECURITY_HOTSPOT</type><priority>CRITICAL</priority><parameters/></rule><rule><repositoryKey>java</repositoryKey><key>S4530</key><type>SECURITY_HOTSPOT</type><priority>MAJOR</priority><parameters/></rule><rule><repositoryKey>java</repositoryKey><key>S4531</key><type>SECURITY_HOTSPOT</type><priority>MAJOR</priority><parameters/></rule><rule><repositoryKey>java</repositoryKey><key>S4544</key><type>SECURITY_HOTSPOT</type><priority>CRITICAL</priority><parameters/></rule><rule><repositoryKey>java</repositoryKey><key>S4601</key><type>VULNERABILITY</type><priority>CRITICAL</priority><parameters/></rule><rule><repositoryKey>java</repositoryKey><key>S4684</key><type>VULNERABILITY</type><priority>CRITICAL</priority><parameters/></rule><rule><repositoryKey>java</repositoryKey><key>S4784</key><type>SECURITY_HOTSPOT</type><priority>CRITICAL</priority><parameters/></rule><rule><repositoryKey>java</repositoryKey><key>S4787</key><type>SECURITY_HOTSPOT</type><priority>CRITICAL</priority><parameters/></rule><rule><repositoryKey>java</repositoryKey><key>S4790</key><type>SECURITY_HOTSPOT</type><priority>CRITICAL</priority><parameters/></rule><rule><repositoryKey>java</repositoryKey><key>S4792</key><type>SECURITY_HOTSPOT</type><priority>CRITICAL</priority><parameters/></rule><rule><repositoryKey>java</repositoryKey><key>S4818</key><type>SECURITY_HOTSPOT</type><priority>CRITICAL</priority><parameters/></rule><rule><repositoryKey>java</repositoryKey><key>S4823</key><type>SECURITY_HOTSPOT</type><priority>CRITICAL</priority><parameters/></rule><rule><repositoryKey>java</repositoryKey><key>S4830</key><type>VULNERABILITY</type><priority>CRITICAL</priority><parameters/></rule><rule><repositoryKey>java</repositoryKey><key>S4834</key><type>SECURITY_HOTSPOT</type><priority>CRITICAL</priority><parameters/></rule><rule><repositoryKey>java</repositoryKey><key>S5042</key><type>SECURITY_HOTSPOT</type><priority>CRITICAL</priority><parameters/></rule><rule><repositoryKey>java</repositoryKey><key>S5122</key><type>SECURITY_HOTSPOT</type><priority>MINOR</priority><parameters/></rule><rule><repositoryKey>java</repositoryKey><key>S5300</key><type>SECURITY_HOTSPOT</type><priority>CRITICAL</priority><parameters/></rule><rule><repositoryKey>java</repositoryKey><key>S5301</key><type>VULNERABILITY</type><priority>MINOR</priority><parameters/></rule><rule><repositoryKey>java</repositoryKey><key>S5320</key><type>SECURITY_HOTSPOT</type><priority>CRITICAL</priority><parameters/></rule><rule><repositoryKey>java</repositoryKey><key>S5322</key><type>SECURITY_HOTSPOT</type><priority>CRITICAL</priority><parameters/></rule><rule><repositoryKey>java</repositoryKey><key>S5324</key><type>SECURITY_HOTSPOT</type><priority>CRITICAL</priority><parameters/></rule><rule><repositoryKey>java</repositoryKey><key>S5326</key><type>SECURITY_HOTSPOT</type><priority>CRITICAL</priority><parameters/></rule><rule><repositoryKey>java</repositoryKey><key>S5344</key><type>VULNERABILITY</type><priority>CRITICAL</priority><parameters/></rule><rule><repositoryKey>java</repositoryKey><key>S5527</key><type>VULNERABILITY</type><priority>CRITICAL</priority><parameters/></rule><rule><repositoryKey>java</repositoryKey><key>S5542</key><type>VULNERABILITY</type><priority>BLOCKER</priority><parameters/></rule><rule><repositoryKey>java</repositoryKey><key>S5547</key><type>VULNERABILITY</type><priority>CRITICAL</priority><parameters/></rule><rule><repositoryKey>java</repositoryKey><key>S5679</key><type>VULNERABILITY</type><priority>MAJOR</priority><parameters/></rule><rule><repositoryKey>mycompany-java</repositoryKey><key>HardcodedPasswordCheck</key><type>VULNERABILITY</type><priority>CRITICAL</priority><parameters/></rule><rule><repositoryKey>mycompany-java</repositoryKey><key>SQLInjectionCheck</key><type>VULNERABILITY</type><priority>CRITICAL</priority><parameters/></rule><rule><repositoryKey>mycompany-java</repositoryKey><key>SecretsCheck</key><type>VULNERABILITY</type><priority>CRITICAL</priority><parameters/></rule></rules></profile>