{
    "node_insecure_random_generator":"Insecure random generator*Low",
    "regex_dos":"Potentially regex DOS attack*MEDIUM",
    "layer7_object_dos":"Potentially application layer DOS attack*MEDIUM",
    "generic_error_disclosure":"Inadequeate error handler*Low",
    "helmet_header_nosniff":"Security HTTP Headers misconfiguration NoSniff*Low",
    "helmet_header_frame_guard":"Security HTTP Headers misconfiguration X-Frame*Low",
    "helmet_header_xss_filter":"Security HTTP Headers misconfiguration Anti-XSS*Low",
    "helmet_header_hsts":"Security HTTP Headers misconfiguration HSTS*Low",
    "helmet_header_referrer_policy": "Security HTTP Headers misconfiguration Referer*Low",  

    "findsecbugs:HARD_CODE_PASSWORD": "Security - Hard coded password*Medium",
    "findsecbugs:SPRING_CSRF_UNRESTRICTED_REQUEST_MAPPING": "Security - Spring CSRF unrestricted RequestMapping*Medium",
    "findsecbugs:HARD_CODE_KEY": "Security - Hard coded key*Medium",
    "findsecbugs:URLCONNECTION_SSRF_FD": "Security - URLConnection Server-Side Request Forgery (SSRF) and File Disclosure*Medium",
    "findsecbugs:SQL_INJECTION_JPA": "Security - Potential SQL/JPQL Injection (JPA)*High",
    "findsecbugs:XSS_SERVLET": "Security - Potential XSS in Servlet*High",
    "findsecbugs:SQL_INJECTION": "Security - Potential SQL Injection*High",
    "findsecbugs:SQL_INJECTION_TURBINE": "Security - Potential SQL Injection with Turbine*High",
    "findsecbugs:SQL_INJECTION_HIBERNATE": "Security - Potential SQL/HQL Injection (Hibernate)*High",
    "findsecbugs:SQL_INJECTION_JDO": "Security - Potential SQL/JDOQL Injection (JDO)*High",
    
    "csharpsquid:S2077": "Formatting SQL queries is security-sensitive*Medium",
    "csharpsquid:S2068": "Hard-coded credentials are security-sensitive*Medium",
    "csharpsquid:S2486": "Generic exceptions should not be ignored*Low",
    
    "javascript:S2817": "Web SQL databases should not be used",
    
    "SEC0020": "Weak Session Timeout*Low",
    "SEC0106": "SQL Injection: Dynamic LINQ Query*High",
    "SEC0107": "SQL Injection: ADO.NET*High",
    "SEC0108": "SQL Injection: Dynamic EF Query*High",
    "SEC0126": "SQL Injection: Dynamic NHibernate Query*High",
    "SEC0120": "Authorize attribute missing*LOW",
    "SEC0130": "Hard-Coded Credential*Medium",
    "SEC0131": "Hard-Coded Secret*Medium",
    "SCS0014": "Possible SQL injection in {1} argument passed to '{0}'*High",
    "SCS0020": "OleDb API: SQL injection possible in {1} argument passed to '{0}'*High",
    "SCS0025": "Odbc API: SQL injection possible in {1} argument passed to '{0}'*High",
    "SCS0026": "MsSQL Data Provider: SQL injection possible in {1} argument passed to '{0}'*High",
    "SCS0035": "Possible SQL injection in {1} argument passed to '{0}'*High",
    "SCS0036": "Possible SQL injection in {1} argument passed to '{0}'*High",
    "SCS0015": "Hardcoded password in {1} argument passed to '{0}'*Medium",

    "java:S2386": "Mutable fields should not be public static*Low",
    
    "sandbox_code_injection": "Unrusted data in `sandbox` can result in code injection.*High",
    "vm2_code_injection": "Untrusted user input reaching `vm2` can result in code injection.*High",
    "vm2_context_injection": "Untrusted user input reaching `vm2` sandbox can result in context injection.*High",
    "vm_runincontext_injection": "Untrusted user input in `vm.runInContext()` can result in code injection.*High",
    "vm_runinnewcontext_injection": "Untrusted user input in `vm.runInNewContext()` can result in code injection.*High",
    "vm_compilefunction_injection": "Untrusted user input in `vm.compileFunction()` can result in code injection.*High",
    "vm_code_injection": "Untrusted user input reaching `vm` can result in code injection.*High",
    "hardcoded_passport_secret": "Hardcoded plain text secret used for Passport Strategy. Store it properly in an environment variable.*Medium",
    "node_password": "A hardcoded password in plain text is identified. Store it properly in an environment variable.*Medium",
    "node_secret": "A hardcoded secret is identified. Store it properly in an environment variable.*Medium",
    "node_api_key": "A hardcoded API Key is identified. Store it properly in an environment variable.*Medium",
    "generic_header_injection": "Untrusted user input in response header will result in HTTP Header Injection or Response Splitting Attacks.*Medium",
    "header_xss_lusca": "X-XSS-Protection header is set to 0. This will disable the browser's XSS Filter.*Low",
    "header_xss_generic": "X-XSS-Protection header is set to 0. This will disable the browser's XSS Filter.*Low",
    "hardcoded_jwt_secret": "Hardcoded JWT secret was found. Store it properly in an environment variable.*Medium",
    "node_nosqli_injection": "Untrusted user input in findOne() function can result in NoSQL Injection.*Medium",
    "node_nosqli_js_injection": "Untrusted user input in MongoDB $where operator can result in NoSQL JavaScript Injection.*Medium",
    "node_sqli_injection": "Untrusted input concatinated with raw SQL query can result in SQL Injection.*Medium",
    "node_ssrf": "User controlled URL in http client libraries can result in Server Side Request Forgery (SSRF).*Medium",
    "phantom_ssrf": "If unverified user data can reach the `phantom` methods it can result in Server-Side Request Forgery vulnerabilities.*Medium",
    "playwright_ssrf": "If unverified user data can reach the `puppeteer` methods it can result in Server-Side Request Forgery vulnerabilities.*Medium",
    "puppeteer_ssrf": "If unverified user data can reach the `puppeteer` methods it can result in Server-Side Request Forgery vulnerabilities.*Medium",
    "wkhtmltoimage_ssrf": "User controlled URL reached to `wkhtmltoimage` can result in Server Side Request Forgery (SSRF).*Medium",
    "wkhtmltopdf_ssrf": "User controlled URL reached to `wkhtmltopdf` can result in Server Side Request Forgery (SSRF).*Medium",
    "xss_disable_mustache_escape": "Markup escaping disabled. This can be used with some template engines to escape disabling of HTML entities, which can lead to XSS attacks.*Medium",
    "express_xss": "Untrusted User Input in Response will result in Reflected Cross Site Scripting Vulnerability.*Medium",
    "xss_serialize_javascript": "Untrusted user input reaching `serialize-javascript` with `unsafe` attribute can cause Cross Site Scripting (XSS).*Medium"
  }